status,url,final_url,section,template,title,primary_heading,canonical,redirected,internal_link_count,image_count,embed_count,migration_disposition,error
"200","https://jungfrau-taechi.ch/newsfeed/axalp","https://jungfrau-taechi.ch/newsfeed/axalp","news","news","Delta-Club Jungfrau-Tächi Grindelwald","Delta-Club Jungfrau-Tächi Grindelwald","","false","unavailable","9","0","representative migration or grouped route",""
"200","https://jungfrau-taechi.ch/sites/news2011","https://jungfrau-taechi.ch/sites/news2011","news","news","Jungfrau-Tächi Grindelwald","Jungfrau-Tächi Grindelwald","","false","unavailable","15","0","representative migration or grouped route",""
"200","https://jungfrau-taechi.ch/sites/meteo_first_wline","https://jungfrau-taechi.ch/sites/meteo_first_wline","weather-webcams","weather-webcams","Jungfrau-Tächi Grindelwald","Jungfrau-Tächi Grindelwald","","false","unavailable","8","1","inventory retained; migrate when current utility/archive route is prioritised",""
"200","https://jungfrau-taechi.ch/newsfeed/et7","https://jungfrau-taechi.ch/newsfeed/et7","news","news","Delta-Club Jungfrau-Tächi Grindelwald","Delta-Club Jungfrau-Tächi Grindelwald","","false","unavailable","9","0","representative migration or grouped route",""
"200","https://jungfrau-taechi.ch/newsfeed/pwc24","https://jungfrau-taechi.ch/newsfeed/pwc24","news","news","Delta-Club Jungfrau-Tächi Grindelwald","Delta-Club Jungfrau-Tächi Grindelwald","","false","unavailable","9","0","representative migration or grouped route",""
"200","https://jungfrau-taechi.ch/newsfeed/ce24","https://jungfrau-taechi.ch/newsfeed/ce24","news","news","Delta-Club Jungfrau-Tächi Grindelwald","Delta-Club Jungfrau-Tächi Grindelwald","","false","unavailable","24","0","representative migration or grouped route",""
"200","https://jungfrau-taechi.ch/newsfeed/herbstjagd2024","https://jungfrau-taechi.ch/newsfeed/herbstjagd2024","news","news","Delta-Club Jungfrau-Tächi Grindelwald","Delta-Club Jungfrau-Tächi Grindelwald","","false","unavailable","9","0","representative migration or grouped route",""
"200","https://jungfrau-taechi.ch/sites/muerren_regeln","https://jungfrau-taechi.ch/sites/muerren_regeln","archive-or-utility","archive-or-utility","Jungfrau-Tächi Grindelwald","Jungfrau-Tächi Grindelwald","","false","unavailable","9","0","inventory retained; migrate when current utility/archive route is prioritised",""
"200","https://jungfrau-taechi.ch/newsfeed/clubessen2022einladung","https://jungfrau-taechi.ch/newsfeed/clubessen2022einladung","news","news","Delta-Club Jungfrau-Tächi Grindelwald","Delta-Club Jungfrau-Tächi Grindelwald","","false","unavailable","9","0","representative migration or grouped route",""
"200","https://jungfrau-taechi.ch/announcements/flugverbot","https://jungfrau-taechi.ch/announcements/flugverbot","flight-area","flight-area","Delta-Club Jungfrau-Tächi Grindelwald","Delta-Club Jungfrau-Tächi Grindelwald","","false","unavailable","10","0","representative migration or grouped route",""
"200","https://jungfrau-taechi.ch/newsfeed/ce22x6","https://jungfrau-taechi.ch/newsfeed/ce22x6","news","news","Delta-Club Jungfrau-Tächi Grindelwald","Delta-Club Jungfrau-Tächi Grindelwald","","false","unavailable","20","0","representative migration or grouped route",""
"200","https://jungfrau-taechi.ch/newsfeed/holzerbar23","https://jungfrau-taechi.ch/newsfeed/holzerbar23","news","news","Delta-Club Jungfrau-Tächi Grindelwald","Delta-Club Jungfrau-Tächi Grindelwald","","false","unavailable","56","0","representative migration or grouped route",""
"200","https://jungfrau-taechi.ch/newsfeed/sc25","https://jungfrau-taechi.ch/newsfeed/sc25","news","news","Delta-Club Jungfrau-Tächi Grindelwald","Delta-Club Jungfrau-Tächi Grindelwald","","false","unavailable","9","0","representative migration or grouped route",""
"200","https://jungfrau-taechi.ch/sites/xalps-1","https://jungfrau-taechi.ch/sites/xalps-1","competition","competition","Jungfrau-Tächi Grindelwald","Jungfrau-Tächi Grindelwald","","false","unavailable","9","0","inventory retained; migrate when current utility/archive route is prioritised",""
"200","https://jungfrau-taechi.ch/newsfeed/et7_2","https://jungfrau-taechi.ch/newsfeed/et7_2","news","news","Delta-Club Jungfrau-Tächi Grindelwald","Delta-Club Jungfrau-Tächi Grindelwald","","false","unavailable","9","0","representative migration or grouped route",""
"200","https://jungfrau-taechi.ch/sites/links","https://jungfrau-taechi.ch/sites/links","archive-or-utility","archive-or-utility","Jungfrau-Tächi Grindelwald","Jungfrau-Tächi Grindelwald","","false","unavailable","8","0","inventory retained; migrate when current utility/archive route is prioritised",""
"200","https://jungfrau-taechi.ch/newsfeed/2022ed5","https://jungfrau-taechi.ch/newsfeed/2022ed5","news","news","Delta-Club Jungfrau-Tächi Grindelwald","Delta-Club Jungfrau-Tächi Grindelwald","","false","unavailable","25","0","representative migration or grouped route",""
"200","https://jungfrau-taechi.ch/newsfeed/pfarrschyr","https://jungfrau-taechi.ch/newsfeed/pfarrschyr","news","news","Delta-Club Jungfrau-Tächi Grindelwald","Delta-Club Jungfrau-Tächi Grindelwald","","false","unavailable","10","0","representative migration or grouped route",""
"200","https://jungfrau-taechi.ch/sites/protokolle","https://jungfrau-taechi.ch/sites/protokolle","archive-or-utility","archive-or-utility","Jungfrau-Tächi Grindelwald","Jungfrau-Tächi Grindelwald","","false","unavailable","9","0","inventory retained; migrate when current utility/archive route is prioritised",""
"200","https://jungfrau-taechi.ch/newsfeed/2023schlitteln6","https://jungfrau-taechi.ch/newsfeed/2023schlitteln6","news","news","Delta-Club Jungfrau-Tächi Grindelwald","Delta-Club Jungfrau-Tächi Grindelwald","","false","unavailable","15","0","representative migration or grouped route",""
"200","https://jungfrau-taechi.ch/newsfeed/bankstabil0","https://jungfrau-taechi.ch/newsfeed/bankstabil0","news","news","Delta-Club Jungfrau-Tächi Grindelwald","Delta-Club Jungfrau-Tächi Grindelwald","","false","unavailable","12","0","representative migration or grouped route",""
"200","https://jungfrau-taechi.ch/newsfeed/lc25","https://jungfrau-taechi.ch/newsfeed/lc25","news","news","Delta-Club Jungfrau-Tächi Grindelwald","Delta-Club Jungfrau-Tächi Grindelwald","","false","unavailable","24","0","representative migration or grouped route",""
"200","https://jungfrau-taechi.ch/sites/meteowebcamlinks","https://jungfrau-taechi.ch/sites/meteowebcamlinks","weather-webcams","weather-webcams","Jungfrau-Tächi Grindelwald","Jungfrau-Tächi Grindelwald","","false","unavailable","9","0","inventory retained; migrate when current utility/archive route is prioritised",""
"200","https://jungfrau-taechi.ch/newsfeed/hv2022","https://jungfrau-taechi.ch/newsfeed/hv2022","news","news","Delta-Club Jungfrau-Tächi Grindelwald","Delta-Club Jungfrau-Tächi Grindelwald","","false","unavailable","9","0","representative migration or grouped route",""
"200","https://jungfrau-taechi.ch/newsfeed/nandabrasil3","https://jungfrau-taechi.ch/newsfeed/nandabrasil3","news","news","Delta-Club Jungfrau-Tächi Grindelwald","Delta-Club Jungfrau-Tächi Grindelwald","","false","unavailable","16","0","representative migration or grouped route",""
"200","https://jungfrau-taechi.ch/sites/impressum","https://jungfrau-taechi.ch/sites/impressum","archive-or-utility","archive-or-utility","Jungfrau-Tächi Grindelwald","Jungfrau-Tächi Grindelwald","","false","unavailable","9","0","inventory retained; migrate when current utility/archive route is prioritised",""
"200","https://jungfrau-taechi.ch/newsfeed/scpic","https://jungfrau-taechi.ch/newsfeed/scpic","news","news","Delta-Club Jungfrau-Tächi Grindelwald","Delta-Club Jungfrau-Tächi Grindelwald","","false","unavailable","27","0","representative migration or grouped route",""
"200","https://jungfrau-taechi.ch/newsfeed/nandaswisscup1","https://jungfrau-taechi.ch/newsfeed/nandaswisscup1","news","news","Delta-Club Jungfrau-Tächi Grindelwald","Delta-Club Jungfrau-Tächi Grindelwald","","false","unavailable","13","0","representative migration or grouped route",""
"200","https://jungfrau-taechi.ch/newsfeed/herbstjagd22","https://jungfrau-taechi.ch/newsfeed/herbstjagd22","news","news","Delta-Club Jungfrau-Tächi Grindelwald","Delta-Club Jungfrau-Tächi Grindelwald","","false","unavailable","9","0","representative migration or grouped route",""
"200","https://jungfrau-taechi.ch/newsfeed/lsr6_25","https://jungfrau-taechi.ch/newsfeed/lsr6_25","news","news","Delta-Club Jungfrau-Tächi Grindelwald","Delta-Club Jungfrau-Tächi Grindelwald","","false","unavailable","9","0","representative migration or grouped route",""
"200","https://jungfrau-taechi.ch/newsfeed/clubfliegen2024","https://jungfrau-taechi.ch/newsfeed/clubfliegen2024","news","news","Delta-Club Jungfrau-Tächi Grindelwald","Delta-Club Jungfrau-Tächi Grindelwald","","false","unavailable","9","0","representative migration or grouped route",""
"200","https://jungfrau-taechi.ch/newsfeed/info_seilzug","https://jungfrau-taechi.ch/newsfeed/info_seilzug","news","news","Delta-Club Jungfrau-Tächi Grindelwald","Delta-Club Jungfrau-Tächi Grindelwald","","false","unavailable","10","0","representative migration or grouped route",""
"200","https://jungfrau-taechi.ch/sites/jahresprogramm13","https://jungfrau-taechi.ch/sites/jahresprogramm13","archive-or-utility","archive-or-utility","Jungfrau-Tächi Grindelwald","Jungfrau-Tächi Grindelwald","","false","unavailable","9","0","inventory retained; migrate when current utility/archive route is prioritised",""
"200","https://jungfrau-taechi.ch/sites/jahresprogramm11","https://jungfrau-taechi.ch/sites/jahresprogramm11","archive-or-utility","archive-or-utility","Jungfrau-Tächi Grindelwald","Jungfrau-Tächi Grindelwald","","false","unavailable","8","0","inventory retained; migrate when current utility/archive route is prioritised",""
"200","https://jungfrau-taechi.ch/sites/grund","https://jungfrau-taechi.ch/sites/grund","flight-area","flight-area","Jungfrau-Tächi Grindelwald","Jungfrau-Tächi Grindelwald","","false","unavailable","1","1","representative migration or grouped route",""
"200","https://jungfrau-taechi.ch/newsfeed/hftitel","https://jungfrau-taechi.ch/newsfeed/hftitel","news","news","Delta-Club Jungfrau-Tächi Grindelwald","Delta-Club Jungfrau-Tächi Grindelwald","","false","unavailable","36","0","representative migration or grouped route",""
"200","https://jungfrau-taechi.ch/sites/topofxc","https://jungfrau-taechi.ch/sites/topofxc","archive-or-utility","archive-or-utility","Jungfrau-Tächi Grindelwald","Jungfrau-Tächi Grindelwald","","false","unavailable","8","0","inventory retained; migrate when current utility/archive route is prioritised",""
"200","https://jungfrau-taechi.ch/newsfeed/neujahr24","https://jungfrau-taechi.ch/newsfeed/neujahr24","news","news","Delta-Club Jungfrau-Tächi Grindelwald","Delta-Club Jungfrau-Tächi Grindelwald","","false","unavailable","9","0","representative migration or grouped route",""
"200","https://jungfrau-taechi.ch/sites/topofxc-1","https://jungfrau-taechi.ch/sites/topofxc-1","archive-or-utility","archive-or-utility","Delta-Club Jungfrau-Tächi Grindelwald","Delta-Club Jungfrau-Tächi Grindelwald","","false","unavailable","8","0","inventory retained; migrate when current utility/archive route is prioritised",""
"200","https://jungfrau-taechi.ch/newsfeed/windmesser","https://jungfrau-taechi.ch/newsfeed/windmesser","news","news","Delta-Club Jungfrau-Tächi Grindelwald","Delta-Club Jungfrau-Tächi Grindelwald","","false","unavailable","9","0","representative migration or grouped route",""
"200","https://jungfrau-taechi.ch/newsfeed/eigertour23","https://jungfrau-taechi.ch/newsfeed/eigertour23","news","news","Delta-Club Jungfrau-Tächi Grindelwald","Delta-Club Jungfrau-Tächi Grindelwald","","false","unavailable","23","0","representative migration or grouped route",""
"200","https://jungfrau-taechi.ch/newsfeed/clubessen23","https://jungfrau-taechi.ch/newsfeed/clubessen23","news","news","Delta-Club Jungfrau-Tächi Grindelwald","Delta-Club Jungfrau-Tächi Grindelwald","","false","unavailable","20","0","representative migration or grouped route",""
"200","https://jungfrau-taechi.ch/newsfeed/testival","https://jungfrau-taechi.ch/newsfeed/testival","news","news","Delta-Club Jungfrau-Tächi Grindelwald","Delta-Club Jungfrau-Tächi Grindelwald","","false","unavailable","9","0","representative migration or grouped route",""
"200","https://jungfrau-taechi.ch/sites/gefahren-1","https://jungfrau-taechi.ch/sites/gefahren-1","archive-or-utility","archive-or-utility","Jungfrau-Tächi Grindelwald","Jungfrau-Tächi Grindelwald","","false","unavailable","9","0","inventory retained; migrate when current utility/archive route is prioritised",""
"200","https://jungfrau-taechi.ch/sites/wettkampfresultate","https://jungfrau-taechi.ch/sites/wettkampfresultate","competition","competition","Jungfrau-Tächi Grindelwald","Jungfrau-Tächi Grindelwald","","false","unavailable","9","0","inventory retained; migrate when current utility/archive route is prioritised",""
"200","https://jungfrau-taechi.ch/sites/xalps","https://jungfrau-taechi.ch/sites/xalps","competition","competition","Jungfrau-Tächi Grindelwald","Jungfrau-Tächi Grindelwald","","false","unavailable","8","0","inventory retained; migrate when current utility/archive route is prioritised",""
"200","https://jungfrau-taechi.ch/newsfeed/albigny3","https://jungfrau-taechi.ch/newsfeed/albigny3","news","news","Delta-Club Jungfrau-Tächi Grindelwald","Delta-Club Jungfrau-Tächi Grindelwald","","false","unavailable","14","0","representative migration or grouped route",""
"200","https://jungfrau-taechi.ch/newsfeed/ausflug23jt23","https://jungfrau-taechi.ch/newsfeed/ausflug23jt23","news","news","Delta-Club Jungfrau-Tächi Grindelwald","Delta-Club Jungfrau-Tächi Grindelwald","","false","unavailable","46","0","representative migration or grouped route",""
"200","https://jungfrau-taechi.ch/newsfeed/windmessstation0","https://jungfrau-taechi.ch/newsfeed/windmessstation0","news","news","Delta-Club Jungfrau-Tächi Grindelwald","Delta-Club Jungfrau-Tächi Grindelwald","","false","unavailable","10","0","representative migration or grouped route",""
"200","https://jungfrau-taechi.ch/newsfeed/dreamnow","https://jungfrau-taechi.ch/newsfeed/dreamnow","news","news","Delta-Club Jungfrau-Tächi Grindelwald","Delta-Club Jungfrau-Tächi Grindelwald","","false","unavailable","10","0","representative migration or grouped route",""
"200","https://jungfrau-taechi.ch/newsfeed/helistechelberg0","https://jungfrau-taechi.ch/newsfeed/helistechelberg0","news","news","Delta-Club Jungfrau-Tächi Grindelwald","Delta-Club Jungfrau-Tächi Grindelwald","","false","unavailable","10","0","representative migration or grouped route",""
"200","https://jungfrau-taechi.ch/newsfeed/hf0724","https://jungfrau-taechi.ch/newsfeed/hf0724","news","news","Delta-Club Jungfrau-Tächi Grindelwald","Delta-Club Jungfrau-Tächi Grindelwald","","false","unavailable","18","0","representative migration or grouped route",""
"200","https://jungfrau-taechi.ch/sites/wettkampf_resultate","https://jungfrau-taechi.ch/sites/wettkampf_resultate","competition","competition","Jungfrau-Tächi Grindelwald","Jungfrau-Tächi Grindelwald","","false","unavailable","8","0","inventory retained; migrate when current utility/archive route is prioritised",""
"200","https://jungfrau-taechi.ch/sites/wettkampf","https://jungfrau-taechi.ch/sites/wettkampf","competition","competition","Jungfrau-Tächi Grindelwald","Jungfrau-Tächi Grindelwald","","false","unavailable","9","0","inventory retained; migrate when current utility/archive route is prioritised",""
"200","https://jungfrau-taechi.ch/newsfeed/et22","https://jungfrau-taechi.ch/newsfeed/et22","news","news","Delta-Club Jungfrau-Tächi Grindelwald","Delta-Club Jungfrau-Tächi Grindelwald","","false","unavailable","10","0","representative migration or grouped route",""
"200","https://jungfrau-taechi.ch/newsfeed/herbstjagd23","https://jungfrau-taechi.ch/newsfeed/herbstjagd23","news","news","Herbstjagd 2023","Newsfeed Jungfrau-Tächi","","false","unavailable","1","0","representative migration or grouped route",""
"200","https://jungfrau-taechi.ch/","https://jungfrau-taechi.ch/","home","home","Jungfrau-Tächi Grindelwald","Jungfrau-Tächi Grindelwald","","false","unavailable","18","0","representative migration or grouped route",""
"200","https://jungfrau-taechi.ch/sites/air_winter","https://jungfrau-taechi.ch/sites/air_winter","flight-area","flight-area","Jungfrau-Tächi Grindelwald","Jungfrau-Tächi Grindelwald","","false","unavailable","1","1","representative migration or grouped route",""
"200","https://jungfrau-taechi.ch/newsfeed/eigerbike","https://jungfrau-taechi.ch/newsfeed/eigerbike","news","news","Delta-Club Jungfrau-Tächi Grindelwald","Delta-Club Jungfrau-Tächi Grindelwald","","false","unavailable","10","0","representative migration or grouped route",""
"200","https://jungfrau-taechi.ch/newsfeed/startfirstkl","https://jungfrau-taechi.ch/newsfeed/startfirstkl","news","news","Delta-Club Jungfrau-Tächi Grindelwald","Delta-Club Jungfrau-Tächi Grindelwald","","false","unavailable","10","0","representative migration or grouped route",""
"200","https://jungfrau-taechi.ch/newsfeed/clubfliegen23jt27","https://jungfrau-taechi.ch/newsfeed/clubfliegen23jt27","news","news","Delta-Club Jungfrau-Tächi Grindelwald","Delta-Club Jungfrau-Tächi Grindelwald","","false","unavailable","30","0","representative migration or grouped route",""
"200","https://jungfrau-taechi.ch/sites/wettkampf_plan","https://jungfrau-taechi.ch/sites/wettkampf_plan","competition","competition","Jungfrau-Tächi Grindelwald","Jungfrau-Tächi Grindelwald","","false","unavailable","8","0","inventory retained; migrate when current utility/archive route is prioritised",""
"200","https://jungfrau-taechi.ch/newsfeed/flugverbotmuerren","https://jungfrau-taechi.ch/newsfeed/flugverbotmuerren","news","news","Delta-Club Jungfrau-Tächi Grindelwald","Delta-Club Jungfrau-Tächi Grindelwald","","false","unavailable","10","0","representative migration or grouped route",""
"200","https://jungfrau-taechi.ch/newsfeed/jagdbann","https://jungfrau-taechi.ch/newsfeed/jagdbann","news","news","Delta-Club Jungfrau-Tächi Grindelwald","Delta-Club Jungfrau-Tächi Grindelwald","","false","unavailable","10","0","representative migration or grouped route",""
"200","https://jungfrau-taechi.ch/newsfeed/stammtisch","https://jungfrau-taechi.ch/newsfeed/stammtisch","news","news","Delta-Club Jungfrau-Tächi Grindelwald","Delta-Club Jungfrau-Tächi Grindelwald","","false","unavailable","15","0","representative migration or grouped route",""
"200","https://jungfrau-taechi.ch/newsfeed/domiwicki","https://jungfrau-taechi.ch/newsfeed/domiwicki","news","news","Delta-Club Jungfrau-Tächi Grindelwald","Delta-Club Jungfrau-Tächi Grindelwald","","false","unavailable","10","0","representative migration or grouped route",""
"200","https://jungfrau-taechi.ch/sites/wettkampf_foerderung","https://jungfrau-taechi.ch/sites/wettkampf_foerderung","competition","competition","Jungfrau-Tächi Grindelwald","Jungfrau-Tächi Grindelwald","","false","unavailable","9","0","inventory retained; migrate when current utility/archive route is prioritised",""
"200","https://jungfrau-taechi.ch/sites/news","https://jungfrau-taechi.ch/sites/news","news","news","Jungfrau-Tächi Grindelwald","Jungfrau-Tächi Grindelwald","","false","unavailable","9","0","representative migration or grouped route",""
"200","https://jungfrau-taechi.ch/sites/mitglieddanke","https://jungfrau-taechi.ch/sites/mitglieddanke","membership","membership","Jungfrau-Tächi Grindelwald","Jungfrau-Tächi Grindelwald","","false","unavailable","8","0","representative migration or grouped route",""
"200","https://jungfrau-taechi.ch/newsfeed/2022bassano7","https://jungfrau-taechi.ch/newsfeed/2022bassano7","news","news","Delta-Club Jungfrau-Tächi Grindelwald","Delta-Club Jungfrau-Tächi Grindelwald","","false","unavailable","37","0","representative migration or grouped route",""
"200","https://jungfrau-taechi.ch/newsfeed/hfabend","https://jungfrau-taechi.ch/newsfeed/hfabend","news","news","Delta-Club Jungfrau-Tächi Grindelwald","Delta-Club Jungfrau-Tächi Grindelwald","","false","unavailable","9","0","representative migration or grouped route",""
"200","https://jungfrau-taechi.ch/newsfeed/landecup26","https://jungfrau-taechi.ch/newsfeed/landecup26","news","news","Delta-Club Jungfrau-Tächi Grindelwald","Delta-Club Jungfrau-Tächi Grindelwald","","false","unavailable","26","0","representative migration or grouped route",""
"200","https://jungfrau-taechi.ch/newsfeed/clubfliegen22","https://jungfrau-taechi.ch/newsfeed/clubfliegen22","news","news","Delta-Club Jungfrau-Tächi Grindelwald","Delta-Club Jungfrau-Tächi Grindelwald","","false","unavailable","9","0","representative migration or grouped route",""
"200","https://jungfrau-taechi.ch/newsfeed/clubessen24","https://jungfrau-taechi.ch/newsfeed/clubessen24","news","news","Delta-Club Jungfrau-Tächi Grindelwald","Delta-Club Jungfrau-Tächi Grindelwald","","false","unavailable","9","0","representative migration or grouped route",""
"200","https://jungfrau-taechi.ch/newsfeed/hxmei","https://jungfrau-taechi.ch/newsfeed/hxmei","news","news","Delta-Club Jungfrau-Tächi Grindelwald","Delta-Club Jungfrau-Tächi Grindelwald","","false","unavailable","9","0","representative migration or grouped route",""
"200","https://jungfrau-taechi.ch/newsfeed/stallbeizliclubessen21","https://jungfrau-taechi.ch/newsfeed/stallbeizliclubessen21","news","news","Delta-Club Jungfrau-Tächi Grindelwald","Delta-Club Jungfrau-Tächi Grindelwald","","false","unavailable","10","0","representative migration or grouped route",""
"200","https://jungfrau-taechi.ch/newsfeed/hv25","https://jungfrau-taechi.ch/newsfeed/hv25","news","news","Delta-Club Jungfrau-Tächi Grindelwald","Delta-Club Jungfrau-Tächi Grindelwald","","false","unavailable","13","0","representative migration or grouped route",""
"200","https://jungfrau-taechi.ch/newsfeed/clubausflug24","https://jungfrau-taechi.ch/newsfeed/clubausflug24","news","news","Delta-Club Jungfrau-Tächi Grindelwald","Delta-Club Jungfrau-Tächi Grindelwald","","false","unavailable","9","0","representative migration or grouped route",""
"200","https://jungfrau-taechi.ch/newsfeed/lau25","https://jungfrau-taechi.ch/newsfeed/lau25","news","news","Delta-Club Jungfrau-Tächi Grindelwald","Delta-Club Jungfrau-Tächi Grindelwald","","false","unavailable","11","0","representative migration or grouped route",""
"200","https://jungfrau-taechi.ch/sites/gk_gw-1","https://jungfrau-taechi.ch/sites/gk_gw-1","archive-or-utility","archive-or-utility","Jungfrau-Tächi Grindelwald","Jungfrau-Tächi Grindelwald","","false","unavailable","9","0","inventory retained; migrate when current utility/archive route is prioritised",""
"200","https://jungfrau-taechi.ch/newsfeed/friedens","https://jungfrau-taechi.ch/newsfeed/friedens","news","news","Delta-Club Jungfrau-Tächi Grindelwald","Delta-Club Jungfrau-Tächi Grindelwald","","false","unavailable","10","0","representative migration or grouped route",""
"200","https://jungfrau-taechi.ch/sites/fotoreportskopie","https://jungfrau-taechi.ch/sites/fotoreportskopie","photos","photos","Jungfrau-Tächi Grindelwald","Jungfrau-Tächi Grindelwald","","false","unavailable","52","0","representative migration or grouped route",""
"200","https://jungfrau-taechi.ch/about","https://jungfrau-taechi.ch/about","archive-or-utility","archive-or-utility","My Website","My Website","","false","unavailable","10","1","inventory retained; migrate when current utility/archive route is prioritised",""
"200","https://jungfrau-taechi.ch/newsfeed/clubfliegen_2024","https://jungfrau-taechi.ch/newsfeed/clubfliegen_2024","news","news","Delta-Club Jungfrau-Tächi Grindelwald","Delta-Club Jungfrau-Tächi Grindelwald","","false","unavailable","44","0","representative migration or grouped route",""
"200","https://jungfrau-taechi.ch/sites/fotoreports","https://jungfrau-taechi.ch/sites/fotoreports","photos","photos","Jungfrau-Tächi Grindelwald","Jungfrau-Tächi Grindelwald","","false","unavailable","125","0","representative migration or grouped route",""
"200","https://jungfrau-taechi.ch/contact","https://jungfrau-taechi.ch/contact","contact","contact","My Website","My Website","","false","unavailable","3","0","representative migration or grouped route",""
"200","https://jungfrau-taechi.ch/sites/muster","https://jungfrau-taechi.ch/sites/muster","archive-or-utility","archive-or-utility","Jungfrau-Tächi Grindelwald","Jungfrau-Tächi Grindelwald","","false","unavailable","9","0","inventory retained; migrate when current utility/archive route is prioritised",""
"200","https://jungfrau-taechi.ch/newsfeed/cf22dc16","https://jungfrau-taechi.ch/newsfeed/cf22dc16","news","news","Delta-Club Jungfrau-Tächi Grindelwald","Delta-Club Jungfrau-Tächi Grindelwald","","false","unavailable","27","0","representative migration or grouped route",""
"200","https://jungfrau-taechi.ch/newsfeed/sc26","https://jungfrau-taechi.ch/newsfeed/sc26","news","news","Delta-Club Jungfrau-Tächi Grindelwald","Delta-Club Jungfrau-Tächi Grindelwald","","false","unavailable","12","0","representative migration or grouped route",""
"200","https://jungfrau-taechi.ch/newsfeed/prog25","https://jungfrau-taechi.ch/newsfeed/prog25","news","news","Delta-Club Jungfrau-Tächi Grindelwald","Delta-Club Jungfrau-Tächi Grindelwald","","false","unavailable","9","0","representative migration or grouped route",""
"200","https://jungfrau-taechi.ch/sites/archiv","https://jungfrau-taechi.ch/sites/archiv","archive-or-utility","archive-or-utility","Jungfrau-Tächi Grindelwald","Jungfrau-Tächi Grindelwald","","false","unavailable","9","0","inventory retained; migrate when current utility/archive route is prioritised",""
"200","https://jungfrau-taechi.ch/sites/air_ost","https://jungfrau-taechi.ch/sites/air_ost","flight-area","flight-area","Jungfrau-Tächi Grindelwald","Jungfrau-Tächi Grindelwald","","false","unavailable","1","1","representative migration or grouped route",""
"200","https://jungfrau-taechi.ch/sites/first_wi","https://jungfrau-taechi.ch/sites/first_wi","archive-or-utility","archive-or-utility","Jungfrau-Tächi Grindelwald","Jungfrau-Tächi Grindelwald","","false","unavailable","1","1","inventory retained; migrate when current utility/archive route is prioritised",""
"200","https://jungfrau-taechi.ch/sites/jahresprogramm14","https://jungfrau-taechi.ch/sites/jahresprogramm14","archive-or-utility","archive-or-utility","Jungfrau-Tächi Grindelwald","Jungfrau-Tächi Grindelwald","","false","unavailable","8","0","inventory retained; migrate when current utility/archive route is prioritised",""
"200","https://jungfrau-taechi.ch/newsfeed/lsr1321","https://jungfrau-taechi.ch/newsfeed/lsr1321","news","news","Delta-Club Jungfrau-Tächi Grindelwald","Delta-Club Jungfrau-Tächi Grindelwald","","false","unavailable","9","0","representative migration or grouped route",""
"200","https://jungfrau-taechi.ch/newsfeed/scg23","https://jungfrau-taechi.ch/newsfeed/scg23","news","news","Delta-Club Jungfrau-Tächi Grindelwald","Delta-Club Jungfrau-Tächi Grindelwald","","false","unavailable","11","0","representative migration or grouped route",""
"200","https://jungfrau-taechi.ch/sites/webcamlinks","https://jungfrau-taechi.ch/sites/webcamlinks","weather-webcams","weather-webcams","Jungfrau-Tächi Grindelwald","Jungfrau-Tächi Grindelwald","","false","unavailable","9","0","inventory retained; migrate when current utility/archive route is prioritised",""
"200","https://jungfrau-taechi.ch/sites/webcam_sfeld","https://jungfrau-taechi.ch/sites/webcam_sfeld","weather-webcams","weather-webcams","Jungfrau-Tächi Grindelwald","Jungfrau-Tächi Grindelwald","","false","unavailable","9","1","inventory retained; migrate when current utility/archive route is prioritised",""
"200","https://jungfrau-taechi.ch/newsfeed/lsr6_burnair","https://jungfrau-taechi.ch/newsfeed/lsr6_burnair","news","news","Delta-Club Jungfrau-Tächi Grindelwald","Delta-Club Jungfrau-Tächi Grindelwald","","false","unavailable","12","0","representative migration or grouped route",""
"200","https://jungfrau-taechi.ch/newsfeed/t1","https://jungfrau-taechi.ch/newsfeed/t1","news","news","Delta-Club Jungfrau-Tächi Grindelwald","Delta-Club Jungfrau-Tächi Grindelwald","","false","unavailable","13","0","representative migration or grouped route",""
"200","https://jungfrau-taechi.ch/sites/webcam_start","https://jungfrau-taechi.ch/sites/webcam_start","weather-webcams","weather-webcams","Jungfrau-Tächi Grindelwald","Jungfrau-Tächi Grindelwald","","false","unavailable","8","0","inventory retained; migrate when current utility/archive route is prioritised",""
"200","https://jungfrau-taechi.ch/sites/jahresprogramm12","https://jungfrau-taechi.ch/sites/jahresprogramm12","archive-or-utility","archive-or-utility","Jungfrau-Tächi Grindelwald","Jungfrau-Tächi Grindelwald","","false","unavailable","8","0","inventory retained; migrate when current utility/archive route is prioritised",""
"200","https://jungfrau-taechi.ch/sites/meteolinks","https://jungfrau-taechi.ch/sites/meteolinks","weather-webcams","weather-webcams","Jungfrau-ächi Grindelwald","Jungfrau-ächi Grindelwald","","false","unavailable","9","0","inventory retained; migrate when current utility/archive route is prioritised",""
"200","https://jungfrau-taechi.ch/sites/meteo_foehn","https://jungfrau-taechi.ch/sites/meteo_foehn","weather-webcams","weather-webcams","Jungfrau-Tächi Grindelwald","Meteo","","false","unavailable","0","1","inventory retained; migrate when current utility/archive route is prioritised",""
"200","https://jungfrau-taechi.ch/sites/gk_gw","https://jungfrau-taechi.ch/sites/gk_gw","archive-or-utility","archive-or-utility","Jungfrau-Tächi Grindelwald","Jungfrau-Tächi Grindelwald","","false","unavailable","11","0","inventory retained; migrate when current utility/archive route is prioritised",""
"200","https://jungfrau-taechi.ch/sites/testblog","https://jungfrau-taechi.ch/sites/testblog","archive-or-utility","archive-or-utility","Jungfrau-Tächi Grindelwald","Jungfrau-Tächi Grindelwald","","false","unavailable","8","0","inventory retained; migrate when current utility/archive route is prioritised",""
"200","https://jungfrau-taechi.ch/sites/stories","https://jungfrau-taechi.ch/sites/stories","club-history","club-history","Jungfrau-Tächi Grindelwald","Jungfrau-Tächi Grindelwald","","false","unavailable","9","0","representative migration or grouped route",""
"200","https://jungfrau-taechi.ch/sites/club","https://jungfrau-taechi.ch/sites/club","club","club","Jungfrau-Tächi Grindelwald","Jungfrau-Tächi Grindelwald","","false","unavailable","9","0","inventory retained; migrate when current utility/archive route is prioritised",""
"200","https://jungfrau-taechi.ch/newsfeed/startfirstkl25","https://jungfrau-taechi.ch/newsfeed/startfirstkl25","news","news","Delta-Club Jungfrau-Tächi Grindelwald","Delta-Club Jungfrau-Tächi Grindelwald","","false","unavailable","10","0","representative migration or grouped route",""
"200","https://jungfrau-taechi.ch/sites/stberg","https://jungfrau-taechi.ch/sites/stberg","archive-or-utility","archive-or-utility","Jungfrau-Tächi Grindelwald","Jungfrau-Tächi Grindelwald","","false","unavailable","1","1","inventory retained; migrate when current utility/archive route is prioritised",""
"200","https://jungfrau-taechi.ch/sites/webcam_joch","https://jungfrau-taechi.ch/sites/webcam_joch","weather-webcams","weather-webcams","Jungfrau-Tächi Grindelwald","Webcam Jungfraujoch","","false","unavailable","0","1","inventory retained; migrate when current utility/archive route is prioritised",""
"200","https://jungfrau-taechi.ch/sites/webcam_bussalp","https://jungfrau-taechi.ch/sites/webcam_bussalp","weather-webcams","weather-webcams","Jungfrau-Tächi Grindelwald","Webcam Bussalp Grindelwald","","false","unavailable","0","1","inventory retained; migrate when current utility/archive route is prioritised",""
"200","https://jungfrau-taechi.ch/sites/wettkampf_strecke","https://jungfrau-taechi.ch/sites/wettkampf_strecke","competition","competition","Jungfrau-Tächi Grindelwald","Jungfrau-Tächi Grindelwald","","false","unavailable","8","0","inventory retained; migrate when current utility/archive route is prioritised",""
"200","https://jungfrau-taechi.ch/newsfeed/dinokl","https://jungfrau-taechi.ch/newsfeed/dinokl","news","news","Delta-Club Jungfrau-Tächi Grindelwald","Delta-Club Jungfrau-Tächi Grindelwald","","false","unavailable","13","0","representative migration or grouped route",""
"200","https://jungfrau-taechi.ch/sites/news2014","https://jungfrau-taechi.ch/sites/news2014","news","news","Jungfrau-Tächi Grindelwald","Jungfrau-Tächi Grindelwald","","false","unavailable","18","0","representative migration or grouped route",""
"200","https://jungfrau-taechi.ch/sites/dcjt360","https://jungfrau-taechi.ch/sites/dcjt360","archive-or-utility","archive-or-utility","Jungfrau-Tächi Grindelwald","Jungfrau-Tächi Grindelwald","","false","unavailable","1","1","inventory retained; migrate when current utility/archive route is prioritised",""
"200","https://jungfrau-taechi.ch/sites/gefahren","https://jungfrau-taechi.ch/sites/gefahren","archive-or-utility","archive-or-utility","Jungfrau-Tächi Grindelwald","Jungfrau-Tächi Grindelwald","","false","unavailable","9","0","inventory retained; migrate when current utility/archive route is prioritised",""
"200","https://jungfrau-taechi.ch/sites/fluggebiet","https://jungfrau-taechi.ch/sites/fluggebiet","flight-area","flight-area","Jungfrau-Tächi Grindelwald","Jungfrau-Tächi Grindelwald","","false","unavailable","9","0","representative migration or grouped route",""
"200","https://jungfrau-taechi.ch/sites/muerren","https://jungfrau-taechi.ch/sites/muerren","archive-or-utility","archive-or-utility","Jungfrau-Tächi Grindelwald","Jungfrau-Tächi Grindelwald","","false","unavailable","1","1","inventory retained; migrate when current utility/archive route is prioritised",""
"200","https://jungfrau-taechi.ch/index-kopie","https://jungfrau-taechi.ch/index-kopie","home","home","Delta-Club Jungfrau-Tächi Grindelwald","Delta-Club Jungfrau-Tächi Grindelwald","","false","unavailable","19","0","representative migration or grouped route",""
"200","https://jungfrau-taechi.ch/newsfeed/22landecup21","https://jungfrau-taechi.ch/newsfeed/22landecup21","news","news","Delta-Club Jungfrau-Tächi Grindelwald","Delta-Club Jungfrau-Tächi Grindelwald","","false","unavailable","27","0","representative migration or grouped route",""
"200","https://jungfrau-taechi.ch/newsfeed/sc22","https://jungfrau-taechi.ch/newsfeed/sc22","news","news","Delta-Club Jungfrau-Tächi Grindelwald","Delta-Club Jungfrau-Tächi Grindelwald","","false","unavailable","11","0","representative migration or grouped route",""
"200","https://jungfrau-taechi.ch/newsfeed/kran","https://jungfrau-taechi.ch/newsfeed/kran","news","news","Delta-Club Jungfrau-Tächi Grindelwald","Delta-Club Jungfrau-Tächi Grindelwald","","false","unavailable","10","0","representative migration or grouped route",""
"200","https://jungfrau-taechi.ch/newsfeed/disentis21f","https://jungfrau-taechi.ch/newsfeed/disentis21f","news","news","Delta-Club Jungfrau-Tächi Grindelwald","Delta-Club Jungfrau-Tächi Grindelwald","","false","unavailable","11","0","representative migration or grouped route",""
"200","https://jungfrau-taechi.ch/newsfeed/wediverabschiedet","https://jungfrau-taechi.ch/newsfeed/wediverabschiedet","news","news","Delta-Club Jungfrau-Tächi Grindelwald","Delta-Club Jungfrau-Tächi Grindelwald","","false","unavailable","25","0","representative migration or grouped route",""
"200","https://jungfrau-taechi.ch/newsfeed/wintereigertour","https://jungfrau-taechi.ch/newsfeed/wintereigertour","news","news","Delta-Club Jungfrau-Tächi Grindelwald","Delta-Club Jungfrau-Tächi Grindelwald","","false","unavailable","9","0","representative migration or grouped route",""
"200","https://jungfrau-taechi.ch/newsfeed/eigair","https://jungfrau-taechi.ch/newsfeed/eigair","news","news","Delta-Club Jungfrau-Tächi Grindelwald","Delta-Club Jungfrau-Tächi Grindelwald","","false","unavailable","14","0","representative migration or grouped route",""
"200","https://jungfrau-taechi.ch/newsfeed/verabschiedungfabienne","https://jungfrau-taechi.ch/newsfeed/verabschiedungfabienne","news","news","Delta-Club Jungfrau-Tächi Grindelwald","Delta-Club Jungfrau-Tächi Grindelwald","","false","unavailable","10","0","representative migration or grouped route",""
"200","https://jungfrau-taechi.ch/newsfeed/22clubschlitteln8","https://jungfrau-taechi.ch/newsfeed/22clubschlitteln8","news","news","Delta-Club Jungfrau-Tächi Grindelwald","Delta-Club Jungfrau-Tächi Grindelwald","","false","unavailable","24","0","representative migration or grouped route",""
"200","https://jungfrau-taechi.ch/newsfeed/borso2130","https://jungfrau-taechi.ch/newsfeed/borso2130","news","news","Delta-Club Jungfrau-Tächi Grindelwald","Delta-Club Jungfrau-Tächi Grindelwald","","false","unavailable","72","0","representative migration or grouped route",""
"200","https://jungfrau-taechi.ch/newsfeed/herbstjagd21","https://jungfrau-taechi.ch/newsfeed/herbstjagd21","news","news","Delta-Club Jungfrau-Tächi Grindelwald","Delta-Club Jungfrau-Tächi Grindelwald","","false","unavailable","9","0","representative migration or grouped route",""
"200","https://jungfrau-taechi.ch/newsfeed/schlitteln21","https://jungfrau-taechi.ch/newsfeed/schlitteln21","news","news","Delta-Club Jungfrau-Tächi Grindelwald","Delta-Club Jungfrau-Tächi Grindelwald","","false","unavailable","10","0","representative migration or grouped route",""
"200","https://jungfrau-taechi.ch/newsfeed/clubfliegen","https://jungfrau-taechi.ch/newsfeed/clubfliegen","news","news","Delta-Club Jungfrau-Tächi Grindelwald","Delta-Club Jungfrau-Tächi Grindelwald","","false","unavailable","10","0","representative migration or grouped route",""
"200","https://jungfrau-taechi.ch/newsfeed/holzerbarcup22","https://jungfrau-taechi.ch/newsfeed/holzerbarcup22","news","news","Delta-Club Jungfrau-Tächi Grindelwald","Delta-Club Jungfrau-Tächi Grindelwald","","false","unavailable","9","0","representative migration or grouped route",""
"200","https://jungfrau-taechi.ch/newsfeed/swisscup22","https://jungfrau-taechi.ch/newsfeed/swisscup22","news","news","Delta-Club Jungfrau-Tächi Grindelwald","Delta-Club Jungfrau-Tächi Grindelwald","","false","unavailable","10","0","representative migration or grouped route",""
"200","https://jungfrau-taechi.ch/newsfeed/cfeinundzwanzig38","https://jungfrau-taechi.ch/newsfeed/cfeinundzwanzig38","news","news","Delta-Club Jungfrau-Tächi Grindelwald","Delta-Club Jungfrau-Tächi Grindelwald","","false","unavailable","71","0","representative migration or grouped route",""
"200","https://jungfrau-taechi.ch/newsfeed/nandagourdon215","https://jungfrau-taechi.ch/newsfeed/nandagourdon215","news","news","Delta-Club Jungfrau-Tächi Grindelwald","Delta-Club Jungfrau-Tächi Grindelwald","","false","unavailable","15","0","representative migration or grouped route",""
"200","https://jungfrau-taechi.ch/newsfeed/2021clubessen9","https://jungfrau-taechi.ch/newsfeed/2021clubessen9","news","news","Delta-Club Jungfrau-Tächi Grindelwald","Delta-Club Jungfrau-Tächi Grindelwald","","false","unavailable","24","0","representative migration or grouped route",""
"200","https://jungfrau-taechi.ch/newsfeed/dreigertour0","https://jungfrau-taechi.ch/newsfeed/dreigertour0","news","news","Delta-Club Jungfrau-Tächi Grindelwald","Delta-Club Jungfrau-Tächi Grindelwald","","false","unavailable","22","0","representative migration or grouped route",""
"200","https://jungfrau-taechi.ch/newsfeed/nr9","https://jungfrau-taechi.ch/newsfeed/nr9","news","news","X-Alps News Nr. 9 (10.Juli 2015): Matterhorn","X-Alps News Nr. 9 (10.Juli 2015): Matterhorn","","false","unavailable","9","0","representative migration or grouped route",""
"200","https://jungfrau-taechi.ch/newsfeed/nr13","https://jungfrau-taechi.ch/newsfeed/nr13","news","news","X-Alps News Nr. 13 (14. Juli 2015): Runners Up","X-Alps News Nr. 13 (14. Juli 2015): Runners Up","","false","unavailable","9","0","representative migration or grouped route",""
"200","https://jungfrau-taechi.ch/newsfeed/hv2015","https://jungfrau-taechi.ch/newsfeed/hv2015","news","news","HV2015","HV2015","","false","unavailable","9","0","representative migration or grouped route",""
"200","https://jungfrau-taechi.ch/newsfeed/clubessen","https://jungfrau-taechi.ch/newsfeed/clubessen","news","news","Clubessen","Clubessen","","false","unavailable","9","0","representative migration or grouped route",""
"200","https://jungfrau-taechi.ch/announcements/x-alps-vorschau","https://jungfrau-taechi.ch/announcements/x-alps-vorschau","archive-or-utility","archive-or-utility","X-Alps Vorschau","X-Alps Vorschau","","false","unavailable","9","0","inventory retained; migrate when current utility/archive route is prioritised",""
"200","https://jungfrau-taechi.ch/newsfeed/vortragsui","https://jungfrau-taechi.ch/newsfeed/vortragsui","news","news","VortragSUI","VortragSUI","","false","unavailable","9","0","representative migration or grouped route",""
"200","https://jungfrau-taechi.ch/newsfeed/einladunghv16","https://jungfrau-taechi.ch/newsfeed/einladunghv16","news","news","EinladungHV16","EinladungHV16","","false","unavailable","9","0","representative migration or grouped route",""
"200","https://jungfrau-taechi.ch/newsfeed/nr10","https://jungfrau-taechi.ch/newsfeed/nr10","news","news","X-Alps News Nr. 10 (11.Juli 2015): Meisterstück","X-Alps News Nr. 10 (11.Juli 2015): Meisterstück","","false","unavailable","9","0","representative migration or grouped route",""
"200","https://jungfrau-taechi.ch/newsfeed/sc2018","https://jungfrau-taechi.ch/newsfeed/sc2018","news","news","sc2018","sc2018","","false","unavailable","63","0","representative migration or grouped route",""
"200","https://jungfrau-taechi.ch/newsfeed/nr11","https://jungfrau-taechi.ch/newsfeed/nr11","news","news","X-Alps News Nr. 11 (12.Juli 2015): Schweizer Uhrwerk","X-Alps News Nr. 11 (12.Juli 2015): Schweizer Uhrwerk","","false","unavailable","9","0","representative migration or grouped route",""
"200","https://jungfrau-taechi.ch/newsfeed/nr12","https://jungfrau-taechi.ch/newsfeed/nr12","news","news","X-Alps News Nr. 12 (13. Juli 2015): Victory !","X-Alps News Nr. 12 (13. Juli 2015): Victory !","","false","unavailable","9","0","representative migration or grouped route",""
"200","https://jungfrau-taechi.ch/newsfeed/sommerabo","https://jungfrau-taechi.ch/newsfeed/sommerabo","news","news","sommerabo","sommerabo","","false","unavailable","9","0","representative migration or grouped route",""
"200","https://jungfrau-taechi.ch/newsfeed/nachtschlitteln","https://jungfrau-taechi.ch/newsfeed/nachtschlitteln","news","news","Nachtschlitteln, 14. Februar 2015","Nachtschlitteln, 14. Februar 2015","","false","unavailable","9","0","representative migration or grouped route",""
"200","https://jungfrau-taechi.ch/newsfeed/mountainhostel","https://jungfrau-taechi.ch/newsfeed/mountainhostel","news","news","Mountain Hostel Cup verschoben !!!","Mountain Hostel Cup verschoben !!!","","false","unavailable","9","0","representative migration or grouped route",""
"200","https://jungfrau-taechi.ch/announcements/swiss-cup-grindelwald","https://jungfrau-taechi.ch/announcements/swiss-cup-grindelwald","archive-or-utility","archive-or-utility","X-Alps Test 3a","X-Alps Test 3a","","false","unavailable","10","0","inventory retained; migrate when current utility/archive route is prioritised",""
"200","https://jungfrau-taechi.ch/newsfeed/clubessen15g","https://jungfrau-taechi.ch/newsfeed/clubessen15g","news","news","Clubessen15g","Clubessen15g","","false","unavailable","13","0","representative migration or grouped route",""
"200","https://jungfrau-taechi.ch/newsfeed/nr14","https://jungfrau-taechi.ch/newsfeed/nr14","news","news","X-Alps News Nr.14: Monaco sehen","X-Alps News Nr.14: Monaco sehen","","false","unavailable","9","0","representative migration or grouped route",""
"200","https://jungfrau-taechi.ch/announcements/zwei-tachis-am-x-alps","https://jungfrau-taechi.ch/announcements/zwei-tachis-am-x-alps","archive-or-utility","archive-or-utility","Zwei Tächis am X-Alps","Zwei Tächis am X-Alps","","false","unavailable","10","0","inventory retained; migrate when current utility/archive route is prioritised",""
"200","https://jungfrau-taechi.ch/announcements/firstbahn-offen","https://jungfrau-taechi.ch/announcements/firstbahn-offen","archive-or-utility","archive-or-utility","X-Alps News Test 1 2 3","X-Alps News Test 1 2 3","","false","unavailable","10","0","inventory retained; migrate when current utility/archive route is prioritised",""
"200","https://jungfrau-taechi.ch/announcements/landecup-2015","https://jungfrau-taechi.ch/announcements/landecup-2015","archive-or-utility","archive-or-utility","X-Alps Test 1","X-Alps Test 1","","false","unavailable","9","0","inventory retained; migrate when current utility/archive route is prioritised",""
"200","https://jungfrau-taechi.ch/newsfeed/nr4","https://jungfrau-taechi.ch/newsfeed/nr4","news","news","X-Alps News Nr. 4 (5.Juli 2015): Optionenhandel","X-Alps News Nr. 4 (5.Juli 2015): Optionenhandel","","false","unavailable","9","0","representative migration or grouped route",""
"200","https://jungfrau-taechi.ch/newsfeed/xccup","https://jungfrau-taechi.ch/newsfeed/xccup","news","news","Delta-Club Jungfrau-Tächi Grindelwald","Delta-Club Jungfrau-Tächi Grindelwald","","false","unavailable","9","0","representative migration or grouped route",""
"200","https://jungfrau-taechi.ch/newsfeed/et3helfer","https://jungfrau-taechi.ch/newsfeed/et3helfer","news","news","Delta-Club Jungfrau-Tächi Grindelwald","Delta-Club Jungfrau-Tächi Grindelwald","","false","unavailable","11","0","representative migration or grouped route",""
"200","https://jungfrau-taechi.ch/newsfeed/clubessen-1","https://jungfrau-taechi.ch/newsfeed/clubessen-1","news","news","Delta-Club Jungfrau-Tächi Grindelwald","Delta-Club Jungfrau-Tächi Grindelwald","","false","unavailable","9","0","representative migration or grouped route",""
"200","https://jungfrau-taechi.ch/newsfeed/smfiesch1","https://jungfrau-taechi.ch/newsfeed/smfiesch1","news","news","Delta-Club Jungfrau-Tächi Grindelwald","Delta-Club Jungfrau-Tächi Grindelwald","","false","unavailable","12","0","representative migration or grouped route",""
"200","https://jungfrau-taechi.ch/announcements/weitere-tests","https://jungfrau-taechi.ch/announcements/weitere-tests","archive-or-utility","archive-or-utility","Weitere Tests","Weitere Tests","","false","unavailable","10","0","inventory retained; migrate when current utility/archive route is prioritised",""
"200","https://jungfrau-taechi.ch/newsfeed/lauterbrunnen","https://jungfrau-taechi.ch/newsfeed/lauterbrunnen","news","news","Delta-Club Jungfrau-Tächi Grindelwald","Delta-Club Jungfrau-Tächi Grindelwald","","false","unavailable","9","0","representative migration or grouped route",""
"200","https://jungfrau-taechi.ch/newsfeed/ausflugbassano45","https://jungfrau-taechi.ch/newsfeed/ausflugbassano45","news","news","Delta-Club Jungfrau-Tächi Grindelwald","Delta-Club Jungfrau-Tächi Grindelwald","","false","unavailable","53","0","representative migration or grouped route",""
"200","https://jungfrau-taechi.ch/newsfeed/herbstjagd20","https://jungfrau-taechi.ch/newsfeed/herbstjagd20","news","news","Delta-Club Jungfrau-Tächi Grindelwald","Delta-Club Jungfrau-Tächi Grindelwald","","false","unavailable","9","0","representative migration or grouped route",""
"200","https://jungfrau-taechi.ch/newsfeed/clubfliegen18","https://jungfrau-taechi.ch/newsfeed/clubfliegen18","news","news","Delta-Club Jungfrau-Tächi Grindelwald","Delta-Club Jungfrau-Tächi Grindelwald","","false","unavailable","9","0","representative migration or grouped route",""
"200","https://jungfrau-taechi.ch/newsfeed/absc","https://jungfrau-taechi.ch/newsfeed/absc","news","news","Delta-Club Jungfrau-Tächi Grindelwald","Delta-Club Jungfrau-Tächi Grindelwald","","false","unavailable","9","0","representative migration or grouped route",""
"200","https://jungfrau-taechi.ch/newsfeed/baldlos","https://jungfrau-taechi.ch/newsfeed/baldlos","news","news","Delta-Club Jungfrau-Tächi Grindelwald","Delta-Club Jungfrau-Tächi Grindelwald","","false","unavailable","9","0","representative migration or grouped route",""
"200","https://jungfrau-taechi.ch/newsfeed/ed3logo","https://jungfrau-taechi.ch/newsfeed/ed3logo","news","news","Delta-Club Jungfrau-Tächi Grindelwald","Delta-Club Jungfrau-Tächi Grindelwald","","false","unavailable","10","0","representative migration or grouped route",""
"200","https://jungfrau-taechi.ch/newsfeed/reinerneustadt","https://jungfrau-taechi.ch/newsfeed/reinerneustadt","news","news","Delta-Club Jungfrau-Tächi Grindelwald","Delta-Club Jungfrau-Tächi Grindelwald","","false","unavailable","10","0","representative migration or grouped route",""
"200","https://jungfrau-taechi.ch/newsfeed/situation_grund","https://jungfrau-taechi.ch/newsfeed/situation_grund","news","news","Delta-Club Jungfrau-Tächi Grindelwald","Delta-Club Jungfrau-Tächi Grindelwald","","false","unavailable","12","0","representative migration or grouped route",""
"200","https://jungfrau-taechi.ch/newsfeed/smfiesch21","https://jungfrau-taechi.ch/newsfeed/smfiesch21","news","news","Delta-Club Jungfrau-Tächi Grindelwald","Delta-Club Jungfrau-Tächi Grindelwald","","false","unavailable","10","0","representative migration or grouped route",""
"200","https://jungfrau-taechi.ch/newsfeed/nandagemona2","https://jungfrau-taechi.ch/newsfeed/nandagemona2","news","news","Delta-Club Jungfrau-Tächi Grindelwald","Delta-Club Jungfrau-Tächi Grindelwald","","false","unavailable","13","0","representative migration or grouped route",""
"200","https://jungfrau-taechi.ch/newsfeed/eigertour21","https://jungfrau-taechi.ch/newsfeed/eigertour21","news","news","Delta-Club Jungfrau-Tächi Grindelwald","Delta-Club Jungfrau-Tächi Grindelwald","","false","unavailable","10","0","representative migration or grouped route",""
"200","https://jungfrau-taechi.ch/newsfeed/nr5","https://jungfrau-taechi.ch/newsfeed/nr5","news","news","X-Alps News Nr. 5 (6.Juli 2015): Solid as a Rock","X-Alps News Nr. 5 (6.Juli 2015): Solid as a Rock","","false","unavailable","10","0","representative migration or grouped route",""
"200","https://jungfrau-taechi.ch/newsfeed/21-12","https://jungfrau-taechi.ch/newsfeed/21-12","news","news","Delta-Club Jungfrau-Tächi Grindelwald","Delta-Club Jungfrau-Tächi Grindelwald","","false","unavailable","9","0","representative migration or grouped route",""
"200","https://jungfrau-taechi.ch/newsfeed/21-00","https://jungfrau-taechi.ch/newsfeed/21-00","news","news","Delta-Club Jungfrau-Tächi Grindelwald","Delta-Club Jungfrau-Tächi Grindelwald","","false","unavailable","9","0","representative migration or grouped route",""
"200","https://jungfrau-taechi.ch/newsfeed/21-03","https://jungfrau-taechi.ch/newsfeed/21-03","news","news","Delta-Club Jungfrau-Tächi Grindelwald","Delta-Club Jungfrau-Tächi Grindelwald","","false","unavailable","11","0","representative migration or grouped route",""
"200","https://jungfrau-taechi.ch/newsfeed/19-01","https://jungfrau-taechi.ch/newsfeed/19-01","news","news","19-01","19-01","","false","unavailable","15","0","representative migration or grouped route",""
"200","https://jungfrau-taechi.ch/newsfeed/landecup-2015","https://jungfrau-taechi.ch/newsfeed/landecup-2015","news","news","landecup 2015","landecup 2015","","false","unavailable","9","0","representative migration or grouped route",""
"200","https://jungfrau-taechi.ch/newsfeed/test5","https://jungfrau-taechi.ch/newsfeed/test5","news","news","test5","test5","","false","unavailable","9","0","representative migration or grouped route",""
"200","https://jungfrau-taechi.ch/newsfeed/fai-292","https://jungfrau-taechi.ch/newsfeed/fai-292","news","news","fai 292","fai 292","","false","unavailable","9","0","representative migration or grouped route",""
"200","https://jungfrau-taechi.ch/newsfeed/neueseite","https://jungfrau-taechi.ch/newsfeed/neueseite","news","news","neueseite","neueseite","","false","unavailable","9","0","representative migration or grouped route",""
"200","https://jungfrau-taechi.ch/newsfeed/maennlichen360","https://jungfrau-taechi.ch/newsfeed/maennlichen360","news","news","maennlichen360","maennlichen360","","false","unavailable","9","0","representative migration or grouped route",""
"200","https://jungfrau-taechi.ch/newsfeed/stechelair","https://jungfrau-taechi.ch/newsfeed/stechelair","news","news","Delta-Club Jungfrau-Tächi Grindelwald","Delta-Club Jungfrau-Tächi Grindelwald","","false","unavailable","9","0","representative migration or grouped route",""
"200","https://jungfrau-taechi.ch/newsfeed/mountainhostel15","https://jungfrau-taechi.ch/newsfeed/mountainhostel15","news","news","Delta-Club Jungfrau-Tächi Grindelwald","Delta-Club Jungfrau-Tächi Grindelwald","","false","unavailable","9","0","representative migration or grouped route",""
"200","https://jungfrau-taechi.ch/newsfeed/nr1","https://jungfrau-taechi.ch/newsfeed/nr1","news","news","X-Alps News Nr. 1: Clean and Clever","X-Alps News Nr. 1: Clean and Clever","","false","unavailable","9","0","representative migration or grouped route",""
"200","https://jungfrau-taechi.ch/newsfeed/nr2","https://jungfrau-taechi.ch/newsfeed/nr2","news","news","X-Alps News Nr. 2: Was sind 3%?","X-Alps News Nr. 2: Was sind 3%?","","false","unavailable","10","0","representative migration or grouped route",""
"200","https://jungfrau-taechi.ch/newsfeed/nr3","https://jungfrau-taechi.ch/newsfeed/nr3","news","news","X-Alps News Nr. 3: Das Orakel","X-Alps News Nr. 3: Das Orakel","","false","unavailable","10","0","representative migration or grouped route",""
"200","https://jungfrau-taechi.ch/newsfeed/nr15","https://jungfrau-taechi.ch/newsfeed/nr15","news","news","Delta-Club Jungfrau-Tächi Grindelwald","Delta-Club Jungfrau-Tächi Grindelwald","","false","unavailable","9","0","representative migration or grouped route",""
"200","https://jungfrau-taechi.ch/newsfeed/swiss-cup-grindelwald","https://jungfrau-taechi.ch/newsfeed/swiss-cup-grindelwald","news","news","Swiss Cup Grindelwald","Swiss Cup Grindelwald","","false","unavailable","9","0","representative migration or grouped route",""
"200","https://jungfrau-taechi.ch/newsfeed/merci","https://jungfrau-taechi.ch/newsfeed/merci","news","news","Test","Test","","false","unavailable","9","0","representative migration or grouped route",""
"200","https://jungfrau-taechi.ch/newsfeed/tour","https://jungfrau-taechi.ch/newsfeed/tour","news","news","tour","tour","","false","unavailable","9","0","representative migration or grouped route",""
"200","https://jungfrau-taechi.ch/newsfeed/nr7","https://jungfrau-taechi.ch/newsfeed/nr7","news","news","X-Alps News Nr. 7 (8.Juli 2015): Schlauer Bergfuchs","X-Alps News Nr. 7 (8.Juli 2015): Schlauer Bergfuchs","","false","unavailable","9","0","representative migration or grouped route",""
"200","https://jungfrau-taechi.ch/newsfeed/nr16","https://jungfrau-taechi.ch/newsfeed/nr16","news","news","X-Alps News Nr. 16: Witschi gut, alles gut","X-Alps News Nr. 16: Witschi gut, alles gut","","false","unavailable","10","0","representative migration or grouped route",""
"200","https://jungfrau-taechi.ch/newsfeed/hv17","https://jungfrau-taechi.ch/newsfeed/hv17","news","news","HV17","HV17","","false","unavailable","9","0","representative migration or grouped route",""
"200","https://jungfrau-taechi.ch/newsfeed/herbstjagd","https://jungfrau-taechi.ch/newsfeed/herbstjagd","news","news","Herbstjagd","Herbstjagd","","false","unavailable","9","0","representative migration or grouped route",""
"200","https://jungfrau-taechi.ch/newsfeed/clubschlitteln16","https://jungfrau-taechi.ch/newsfeed/clubschlitteln16","news","news","Clubschlitteln16","Clubschlitteln16","","false","unavailable","9","0","representative migration or grouped route",""
"200","https://jungfrau-taechi.ch/newsfeed/umleitungkamel","https://jungfrau-taechi.ch/newsfeed/umleitungkamel","news","news","UmleitungKamel","UmleitungKamel","","false","unavailable","10","0","representative migration or grouped route",""
"200","https://jungfrau-taechi.ch/newsfeed/mheiger","https://jungfrau-taechi.ch/newsfeed/mheiger","news","news","MHEiger","MHEiger","","false","unavailable","9","0","representative migration or grouped route",""
"200","https://jungfrau-taechi.ch/newsfeed/gipfelflug","https://jungfrau-taechi.ch/newsfeed/gipfelflug","news","news","Gipfelflug","Gipfelflug","","false","unavailable","18","0","representative migration or grouped route",""
"200","https://jungfrau-taechi.ch/newsfeed/pyr2016","https://jungfrau-taechi.ch/newsfeed/pyr2016","news","news","pyr2016","pyr2016","","false","unavailable","9","0","representative migration or grouped route",""
"200","https://jungfrau-taechi.ch/newsfeed/21-01","https://jungfrau-taechi.ch/newsfeed/21-01","news","news","Delta-Club Jungfrau-Tächi Grindelwald","Delta-Club Jungfrau-Tächi Grindelwald","","false","unavailable","9","0","representative migration or grouped route",""
"200","https://jungfrau-taechi.ch/newsfeed/17-04","https://jungfrau-taechi.ch/newsfeed/17-04","news","news","X-Alps News Nr. 4 (5. Juli 2017): Alles ganz normal!","X-Alps News Nr. 4 (5. Juli 2017): Alles ganz normal!","","false","unavailable","9","0","representative migration or grouped route",""
"200","https://jungfrau-taechi.ch/newsfeed/clubfliegen2015","https://jungfrau-taechi.ch/newsfeed/clubfliegen2015","news","news","Witschi und Walliser gewinnen Clubfliegen 2015","Witschi und Walliser gewinnen Clubfliegen 2015","","false","unavailable","10","0","representative migration or grouped route",""
"200","https://jungfrau-taechi.ch/newsfeed/jb","https://jungfrau-taechi.ch/newsfeed/jb","news","news","JB","JB","","false","unavailable","13","0","representative migration or grouped route",""
"200","https://jungfrau-taechi.ch/newsfeed/clubausflug15","https://jungfrau-taechi.ch/newsfeed/clubausflug15","news","news","Clubausflug15","Clubausflug15","","false","unavailable","12","0","representative migration or grouped route",""
"200","https://jungfrau-taechi.ch/newsfeed/nanda","https://jungfrau-taechi.ch/newsfeed/nanda","news","news","Nanda","Nanda","","false","unavailable","12","0","representative migration or grouped route",""
"200","https://jungfrau-taechi.ch/newsfeed/21-11","https://jungfrau-taechi.ch/newsfeed/21-11","news","news","Delta-Club Jungfrau-Tächi Grindelwald","Delta-Club Jungfrau-Tächi Grindelwald","","false","unavailable","9","0","representative migration or grouped route",""
"200","https://jungfrau-taechi.ch/newsfeed/21-13","https://jungfrau-taechi.ch/newsfeed/21-13","news","news","Delta-Club Jungfrau-Tächi Grindelwald","Delta-Club Jungfrau-Tächi Grindelwald","","false","unavailable","9","0","representative migration or grouped route",""
"200","https://jungfrau-taechi.ch/newsfeed/fliegerbar16","https://jungfrau-taechi.ch/newsfeed/fliegerbar16","news","news","Fliegerbar16","Fliegerbar16","","false","unavailable","9","0","representative migration or grouped route",""
"200","https://jungfrau-taechi.ch/newsfeed/h16","https://jungfrau-taechi.ch/newsfeed/h16","news","news","h16","h16","","false","unavailable","9","0","representative migration or grouped route",""
"200","https://jungfrau-taechi.ch/newsfeed/schlitten16e","https://jungfrau-taechi.ch/newsfeed/schlitten16e","news","news","schlitten16e","schlitten16e","","false","unavailable","15","0","representative migration or grouped route",""
"200","https://jungfrau-taechi.ch/newsfeed/17-05","https://jungfrau-taechi.ch/newsfeed/17-05","news","news","X-Alps News Nr. 5 (6. Juli 2017): Ein Blick zurück","X-Alps News Nr. 5 (6. Juli 2017): Ein Blick zurück","","false","unavailable","9","0","representative migration or grouped route",""
"200","https://jungfrau-taechi.ch/newsfeed/hv16","https://jungfrau-taechi.ch/newsfeed/hv16","news","news","hv16","hv16","","false","unavailable","22","0","representative migration or grouped route",""
"200","https://jungfrau-taechi.ch/newsfeed/17-12","https://jungfrau-taechi.ch/newsfeed/17-12","news","news","X-Alps News Nr. 12 (10. Juli 2017): Witschis View 2","X-Alps News Nr. 12 (10. Juli 2017): Witschis View 2","","false","unavailable","9","0","representative migration or grouped route",""
"200","https://jungfrau-taechi.ch/newsfeed/holzerbarcup16a","https://jungfrau-taechi.ch/newsfeed/holzerbarcup16a","news","news","holzerbarcup16a","holzerbarcup16a","","false","unavailable","38","0","representative migration or grouped route",""
"200","https://jungfrau-taechi.ch/newsfeed/swiss-cup-grindelwald-2016","https://jungfrau-taechi.ch/newsfeed/swiss-cup-grindelwald-2016","news","news","Swiss Cup Grindelwald 2016","Swiss Cup Grindelwald 2016","","false","unavailable","36","0","representative migration or grouped route",""
"200","https://jungfrau-taechi.ch/newsfeed/maibachfoto1","https://jungfrau-taechi.ch/newsfeed/maibachfoto1","news","news","maibachfoto1","maibachfoto1","","false","unavailable","10","0","representative migration or grouped route",""
"200","https://jungfrau-taechi.ch/newsfeed/40_jahr","https://jungfrau-taechi.ch/newsfeed/40_jahr","news","news","40_jahr","40_jahr","","false","unavailable","9","0","representative migration or grouped route",""
"200","https://jungfrau-taechi.ch/newsfeed/holzheizwerk","https://jungfrau-taechi.ch/newsfeed/holzheizwerk","news","news","Holzheizwerk","Holzheizwerk","","false","unavailable","9","0","representative migration or grouped route",""
"200","https://jungfrau-taechi.ch/newsfeed/17-vorschau","https://jungfrau-taechi.ch/newsfeed/17-vorschau","news","news","X-Alps 2017: Vorschau","X-Alps 2017: Vorschau","","false","unavailable","11","0","representative migration or grouped route",""
"200","https://jungfrau-taechi.ch/newsfeed/40jahr","https://jungfrau-taechi.ch/newsfeed/40jahr","news","news","40Jahr","40Jahr","","false","unavailable","44","0","representative migration or grouped route",""
"200","https://jungfrau-taechi.ch/newsfeed/herbst16h","https://jungfrau-taechi.ch/newsfeed/herbst16h","news","news","herbst16h","herbst16h","","false","unavailable","16","0","representative migration or grouped route",""
"200","https://jungfrau-taechi.ch/newsfeed/wurmegg","https://jungfrau-taechi.ch/newsfeed/wurmegg","news","news","wurmegg","wurmegg","","false","unavailable","9","0","representative migration or grouped route",""
"200","https://jungfrau-taechi.ch/newsfeed/11201615","https://jungfrau-taechi.ch/newsfeed/11201615","news","news","11201615","11201615","","false","unavailable","31","0","representative migration or grouped route",""
"200","https://jungfrau-taechi.ch/newsfeed/dietervonallmen","https://jungfrau-taechi.ch/newsfeed/dietervonallmen","news","news","Dietervonallmen","Dietervonallmen","","false","unavailable","9","0","representative migration or grouped route",""
"200","https://jungfrau-taechi.ch/newsfeed/img_1801","https://jungfrau-taechi.ch/newsfeed/img_1801","news","news","IMG_1801","IMG_1801","","false","unavailable","9","0","representative migration or grouped route",""
"200","https://jungfrau-taechi.ch/newsfeed/vorstandsabschied","https://jungfrau-taechi.ch/newsfeed/vorstandsabschied","news","news","Vorstandsabschied","Vorstandsabschied","","false","unavailable","9","0","representative migration or grouped route",""
"200","https://jungfrau-taechi.ch/newsfeed/schlitten17b","https://jungfrau-taechi.ch/newsfeed/schlitten17b","news","news","schlitten17b","schlitten17b","","false","unavailable","19","0","representative migration or grouped route",""
"200","https://jungfrau-taechi.ch/newsfeed/sc2017","https://jungfrau-taechi.ch/newsfeed/sc2017","news","news","SC2017","SC2017","","false","unavailable","9","0","representative migration or grouped route",""
"200","https://jungfrau-taechi.ch/newsfeed/chrigelrekord","https://jungfrau-taechi.ch/newsfeed/chrigelrekord","news","news","chrigelrekord","chrigelrekord","","false","unavailable","9","0","representative migration or grouped route",""
"200","https://jungfrau-taechi.ch/newsfeed/17-15","https://jungfrau-taechi.ch/newsfeed/17-15","news","news","X-Alps News Nr. 15 (12. Juli 2017): Freude herrscht!","X-Alps News Nr. 15 (12. Juli 2017): Freude herrscht!","","false","unavailable","9","0","representative migration or grouped route",""
"200","https://jungfrau-taechi.ch/newsfeed/holzerbar17a","https://jungfrau-taechi.ch/newsfeed/holzerbar17a","news","news","Holzerbar17a","Holzerbar17a","","false","unavailable","19","0","representative migration or grouped route",""
"200","https://jungfrau-taechi.ch/newsfeed/aeschbacher","https://jungfrau-taechi.ch/newsfeed/aeschbacher","news","news","Aeschbacher","Aeschbacher","","false","unavailable","9","0","representative migration or grouped route",""
"200","https://jungfrau-taechi.ch/newsfeed/img_1036","https://jungfrau-taechi.ch/newsfeed/img_1036","news","news","IMG_1036","IMG_1036","","false","unavailable","9","0","representative migration or grouped route",""
"200","https://jungfrau-taechi.ch/newsfeed/17-01","https://jungfrau-taechi.ch/newsfeed/17-01","news","news","Delta-Club Jungfrau-Tächi Grindelwald","Delta-Club Jungfrau-Tächi Grindelwald","","false","unavailable","10","0","representative migration or grouped route",""
"200","https://jungfrau-taechi.ch/newsfeed/17-02","https://jungfrau-taechi.ch/newsfeed/17-02","news","news","X-Alps News Nr. 2 (3. Juli 2017): Die Entscheidung","X-Alps News Nr. 2 (3. Juli 2017): Die Entscheidung","","false","unavailable","9","0","representative migration or grouped route",""
"200","https://jungfrau-taechi.ch/newsfeed/17-03","https://jungfrau-taechi.ch/newsfeed/17-03","news","news","X-Alps News Nr. 3 (4. Juli 2017): Adler","X-Alps News Nr. 3 (4. Juli 2017): Adler","","false","unavailable","9","0","representative migration or grouped route",""
"200","https://jungfrau-taechi.ch/newsfeed/border","https://jungfrau-taechi.ch/newsfeed/border","news","news","Delta-Club Jungfrau-Tächi Grindelwald","Delta-Club Jungfrau-Tächi Grindelwald","","false","unavailable","12","0","representative migration or grouped route",""
"200","https://jungfrau-taechi.ch/newsfeed/schwingfest17","https://jungfrau-taechi.ch/newsfeed/schwingfest17","news","news","Schwingfest17","Schwingfest17","","false","unavailable","9","0","representative migration or grouped route",""
"200","https://jungfrau-taechi.ch/newsfeed/17-16","https://jungfrau-taechi.ch/newsfeed/17-16","news","news","Delta-Club Jungfrau-Tächi Grindelwald","Delta-Club Jungfrau-Tächi Grindelwald","","false","unavailable","9","0","representative migration or grouped route",""
"200","https://jungfrau-taechi.ch/newsfeed/boxx","https://jungfrau-taechi.ch/newsfeed/boxx","news","news","Boxx","Boxx","","false","unavailable","9","0","representative migration or grouped route",""
"200","https://jungfrau-taechi.ch/newsfeed/herbstjagd17","https://jungfrau-taechi.ch/newsfeed/herbstjagd17","news","news","Herbstjagd17","Herbstjagd17","","false","unavailable","9","0","representative migration or grouped route",""
"200","https://jungfrau-taechi.ch/newsfeed/mhc173","https://jungfrau-taechi.ch/newsfeed/mhc173","news","news","MHC173","MHC173","","false","unavailable","67","0","representative migration or grouped route",""
"200","https://jungfrau-taechi.ch/newsfeed/17-20","https://jungfrau-taechi.ch/newsfeed/17-20","news","news","X-Alps News Nr. 20 (17. Juli 2017): Interview Roger Fischer","X-Alps News Nr. 20 (17. Juli 2017): Interview Roger Fischer","","false","unavailable","9","0","representative migration or grouped route",""
"200","https://jungfrau-taechi.ch/newsfeed/19-08","https://jungfrau-taechi.ch/newsfeed/19-08","news","news","X-Alps News Nr.8 (23. Juni 2019, Nötzli)","X-Alps News Nr.8 (23. Juni 2019, Nötzli)","","false","unavailable","9","0","representative migration or grouped route",""
"200","https://jungfrau-taechi.ch/newsfeed/nandasm17","https://jungfrau-taechi.ch/newsfeed/nandasm17","news","news","NandaSM17","NandaSM17","","false","unavailable","10","0","representative migration or grouped route",""
"200","https://jungfrau-taechi.ch/newsfeed/17-06","https://jungfrau-taechi.ch/newsfeed/17-06","news","news","X-Alps News Nr. 6 (7. Juli 2017): Das Duell","X-Alps News Nr. 6 (7. Juli 2017): Das Duell","","false","unavailable","9","0","representative migration or grouped route",""
"200","https://jungfrau-taechi.ch/newsfeed/piemont2018","https://jungfrau-taechi.ch/newsfeed/piemont2018","news","news","Piemont2018","Piemont2018","","false","unavailable","10","0","representative migration or grouped route",""
"200","https://jungfrau-taechi.ch/newsfeed/17-07","https://jungfrau-taechi.ch/newsfeed/17-07","news","news","X-Alps News Nr. 7 (8. Juli 2017): Grand Petiot","X-Alps News Nr. 7 (8. Juli 2017): Grand Petiot","","false","unavailable","9","0","representative migration or grouped route",""
"200","https://jungfrau-taechi.ch/newsfeed/17-21","https://jungfrau-taechi.ch/newsfeed/17-21","news","news","Delta-Club Jungfrau-Tächi Grindelwald","Delta-Club Jungfrau-Tächi Grindelwald","","false","unavailable","9","0","representative migration or grouped route",""
"200","https://jungfrau-taechi.ch/newsfeed/clubfliegen2017","https://jungfrau-taechi.ch/newsfeed/clubfliegen2017","news","news","Clubfliegen Samstag 16. September 2017","Clubfliegen Samstag 16. September 2017","","false","unavailable","9","0","representative migration or grouped route",""
"200","https://jungfrau-taechi.ch/newsfeed/17-08","https://jungfrau-taechi.ch/newsfeed/17-08","news","news","X-Alps News Nr. 8 (9. Juli 2017): Das Knie der Nation","X-Alps News Nr. 8 (9. Juli 2017): Das Knie der Nation","","false","unavailable","9","0","representative migration or grouped route",""
"200","https://jungfrau-taechi.ch/newsfeed/17-10","https://jungfrau-taechi.ch/newsfeed/17-10","news","news","X-Alps News Nr. 10 (10. Juli 2017): Der Spatz in der Hand","X-Alps News Nr. 10 (10. Juli 2017): Der Spatz in der Hand","","false","unavailable","9","0","representative migration or grouped route",""
"200","https://jungfrau-taechi.ch/newsfeed/17-11","https://jungfrau-taechi.ch/newsfeed/17-11","news","news","X-Alps News Nr. 11 (10. Juli 2017): Berichtigung","X-Alps News Nr. 11 (10. Juli 2017): Berichtigung","","false","unavailable","9","0","representative migration or grouped route",""
"200","https://jungfrau-taechi.ch/newsfeed/fliegerbar17","https://jungfrau-taechi.ch/newsfeed/fliegerbar17","news","news","Fliegerbar17","Fliegerbar17","","false","unavailable","9","0","representative migration or grouped route",""
"200","https://jungfrau-taechi.ch/newsfeed/17-13","https://jungfrau-taechi.ch/newsfeed/17-13","news","news","X-Alps News Nr. 13 (11. Juli 2017): Witschis View 3","X-Alps News Nr. 13 (11. Juli 2017): Witschis View 3","","false","unavailable","9","0","representative migration or grouped route",""
"200","https://jungfrau-taechi.ch/newsfeed/17-14","https://jungfrau-taechi.ch/newsfeed/17-14","news","news","X-Alps News Nr. 14 (11. Juli 2017): Fertig lustig","X-Alps News Nr. 14 (11. Juli 2017): Fertig lustig","","false","unavailable","9","0","representative migration or grouped route",""
"200","https://jungfrau-taechi.ch/newsfeed/17-17","https://jungfrau-taechi.ch/newsfeed/17-17","news","news","X-Alps News Nr. 17 (13. Juli 2017): Podium","X-Alps News Nr. 17 (13. Juli 2017): Podium","","false","unavailable","12","0","representative migration or grouped route",""
"200","https://jungfrau-taechi.ch/newsfeed/17-18","https://jungfrau-taechi.ch/newsfeed/17-18","news","news","X-Alps News Nr. 18 (13. Juli 2017): Geschichte","X-Alps News Nr. 18 (13. Juli 2017): Geschichte","","false","unavailable","9","0","representative migration or grouped route",""
"200","https://jungfrau-taechi.ch/newsfeed/17-19","https://jungfrau-taechi.ch/newsfeed/17-19","news","news","X-Alps News Nr. 19 (15. Juli 2017): Interview Maurer","X-Alps News Nr. 19 (15. Juli 2017): Interview Maurer","","false","unavailable","9","0","representative migration or grouped route",""
"200","https://jungfrau-taechi.ch/newsfeed/cf17d","https://jungfrau-taechi.ch/newsfeed/cf17d","news","news","CF17d","CF17d","","false","unavailable","51","0","representative migration or grouped route",""
"200","https://jungfrau-taechi.ch/newsfeed/bassano17002","https://jungfrau-taechi.ch/newsfeed/bassano17002","news","news","Bassano17002","Bassano17002","","false","unavailable","116","0","representative migration or grouped route",""
"200","https://jungfrau-taechi.ch/newsfeed/zclubessen2017","https://jungfrau-taechi.ch/newsfeed/zclubessen2017","news","news","zclubessen2017","zclubessen2017","","false","unavailable","9","0","representative migration or grouped route",""
"200","https://jungfrau-taechi.ch/newsfeed/cs19b","https://jungfrau-taechi.ch/newsfeed/cs19b","news","news","CS19B","CS19B","","false","unavailable","25","0","representative migration or grouped route",""
"200","https://jungfrau-taechi.ch/newsfeed/clubessen17a","https://jungfrau-taechi.ch/newsfeed/clubessen17a","news","news","Clubessen17a","Clubessen17a","","false","unavailable","24","0","representative migration or grouped route",""
"200","https://jungfrau-taechi.ch/newsfeed/protokollbild","https://jungfrau-taechi.ch/newsfeed/protokollbild","news","news","Protokollbild","Protokollbild","","false","unavailable","9","0","representative migration or grouped route",""
"200","https://jungfrau-taechi.ch/newsfeed/wetterhorn20","https://jungfrau-taechi.ch/newsfeed/wetterhorn20","news","news","Delta-Club Jungfrau-Tächi Grindelwald","Delta-Club Jungfrau-Tächi Grindelwald","","false","unavailable","9","0","representative migration or grouped route",""
"200","https://jungfrau-taechi.ch/newsfeed/jacke1","https://jungfrau-taechi.ch/newsfeed/jacke1","news","news","Jacke1","Jacke1","","false","unavailable","14","0","representative migration or grouped route",""
"200","https://jungfrau-taechi.ch/newsfeed/schlittenfahrt","https://jungfrau-taechi.ch/newsfeed/schlittenfahrt","news","news","Schlittenfahrt","Schlittenfahrt","","false","unavailable","9","0","representative migration or grouped route",""
"200","https://jungfrau-taechi.ch/newsfeed/cschlitteln18","https://jungfrau-taechi.ch/newsfeed/cschlitteln18","news","news","CSchlitteln18","CSchlitteln18","","false","unavailable","23","0","representative migration or grouped route",""
"200","https://jungfrau-taechi.ch/newsfeed/holzerbar18","https://jungfrau-taechi.ch/newsfeed/holzerbar18","news","news","Holzerbar18","Holzerbar18","","false","unavailable","9","0","representative migration or grouped route",""
"200","https://jungfrau-taechi.ch/newsfeed/holzerbar18neu","https://jungfrau-taechi.ch/newsfeed/holzerbar18neu","news","news","Holzerbar18neu","Holzerbar18neu","","false","unavailable","9","0","representative migration or grouped route",""
"200","https://jungfrau-taechi.ch/newsfeed/jp19","https://jungfrau-taechi.ch/newsfeed/jp19","news","news","Jahresprogramm 2019 online","Jahresprogramm 2019 online","","false","unavailable","9","0","representative migration or grouped route",""
"200","https://jungfrau-taechi.ch/newsfeed/19-06","https://jungfrau-taechi.ch/newsfeed/19-06","news","news","X-Alps News Nr. 6 (21.Juni 2019; Diretissima)","X-Alps News Nr. 6 (21.Juni 2019; Diretissima)","","false","unavailable","9","0","representative migration or grouped route",""
"200","https://jungfrau-taechi.ch/newsfeed/holz18d","https://jungfrau-taechi.ch/newsfeed/holz18d","news","news","Holz18d","Holz18d","","false","unavailable","18","0","representative migration or grouped route",""
"200","https://jungfrau-taechi.ch/newsfeed/bawuepodest","https://jungfrau-taechi.ch/newsfeed/bawuepodest","news","news","Bawuepodest","Bawuepodest","","false","unavailable","10","0","representative migration or grouped route",""
"200","https://jungfrau-taechi.ch/newsfeed/inti","https://jungfrau-taechi.ch/newsfeed/inti","news","news","inti","inti","","false","unavailable","11","0","representative migration or grouped route",""
"200","https://jungfrau-taechi.ch/newsfeed/mh2018","https://jungfrau-taechi.ch/newsfeed/mh2018","news","news","MH2018","MH2018","","false","unavailable","9","0","representative migration or grouped route",""
"200","https://jungfrau-taechi.ch/newsfeed/mhc18z","https://jungfrau-taechi.ch/newsfeed/mhc18z","news","news","MHC18z","MHC18z","","false","unavailable","32","0","representative migration or grouped route",""
"200","https://jungfrau-taechi.ch/newsfeed/19-04","https://jungfrau-taechi.ch/newsfeed/19-04","news","news","X-Alps News Nr. 4 (19. Juni: Ein Abenteuer? - Ein Rennen!)","X-Alps News Nr. 4 (19. Juni: Ein Abenteuer? - Ein Rennen!)","","false","unavailable","9","0","representative migration or grouped route",""
"200","https://jungfrau-taechi.ch/newsfeed/19-05","https://jungfrau-taechi.ch/newsfeed/19-05","news","news","X-Alps News Nr5 (20 Juni 19: Backoffice","X-Alps News Nr5 (20 Juni 19: Backoffice","","false","unavailable","9","0","representative migration or grouped route",""
"200","https://jungfrau-taechi.ch/newsfeed/19-07","https://jungfrau-taechi.ch/newsfeed/19-07","news","news","X-Alps Newus Nr 7 (22. Juni 2019: Optionen)","X-Alps Newus Nr 7 (22. Juni 2019: Optionen)","","false","unavailable","9","0","representative migration or grouped route",""
"200","https://jungfrau-taechi.ch/newsfeed/eigertour","https://jungfrau-taechi.ch/newsfeed/eigertour","news","news","eigertour","eigertour","","false","unavailable","11","0","representative migration or grouped route",""
"200","https://jungfrau-taechi.ch/newsfeed/eigertour18","https://jungfrau-taechi.ch/newsfeed/eigertour18","news","news","Eigertour18","Eigertour18","","false","unavailable","9","0","representative migration or grouped route",""
"200","https://jungfrau-taechi.ch/newsfeed/clubesseneinladung","https://jungfrau-taechi.ch/newsfeed/clubesseneinladung","news","news","ClubessenEinladung","ClubessenEinladung","","false","unavailable","9","0","representative migration or grouped route",""
"200","https://jungfrau-taechi.ch/newsfeed/chrigelsiegt","https://jungfrau-taechi.ch/newsfeed/chrigelsiegt","news","news","chrigelsiegt","chrigelsiegt","","false","unavailable","11","0","representative migration or grouped route",""
"200","https://jungfrau-taechi.ch/newsfeed/herbstjagd18","https://jungfrau-taechi.ch/newsfeed/herbstjagd18","news","news","Herbstjagd18","Herbstjagd18","","false","unavailable","9","0","representative migration or grouped route",""
"200","https://jungfrau-taechi.ch/newsfeed/hv42d","https://jungfrau-taechi.ch/newsfeed/hv42d","news","news","HV42d","HV42d","","false","unavailable","38","0","representative migration or grouped route",""
"200","https://jungfrau-taechi.ch/newsfeed/cf18gewinner1","https://jungfrau-taechi.ch/newsfeed/cf18gewinner1","news","news","CF18Gewinner1","CF18Gewinner1","","false","unavailable","85","0","representative migration or grouped route",""
"200","https://jungfrau-taechi.ch/newsfeed/lsr13","https://jungfrau-taechi.ch/newsfeed/lsr13","news","news","lsr13","lsr13","","false","unavailable","9","0","representative migration or grouped route",""
"200","https://jungfrau-taechi.ch/newsfeed/clubausflug18","https://jungfrau-taechi.ch/newsfeed/clubausflug18","news","news","Clubausflug18","Clubausflug18","","false","unavailable","68","0","representative migration or grouped route",""
"200","https://jungfrau-taechi.ch/newsfeed/clubessen18einladung","https://jungfrau-taechi.ch/newsfeed/clubessen18einladung","news","news","Clubessen18Einladung","Clubessen18Einladung","","false","unavailable","9","0","representative migration or grouped route",""
"200","https://jungfrau-taechi.ch/newsfeed/ce18g","https://jungfrau-taechi.ch/newsfeed/ce18g","news","news","CE18g","CE18g","","false","unavailable","16","0","representative migration or grouped route",""
"200","https://jungfrau-taechi.ch/newsfeed/gkrafttraining","https://jungfrau-taechi.ch/newsfeed/gkrafttraining","news","news","GKrafttraining","GKrafttraining","","false","unavailable","9","0","representative migration or grouped route",""
"200","https://jungfrau-taechi.ch/newsfeed/einladunghv2019","https://jungfrau-taechi.ch/newsfeed/einladunghv2019","news","news","EinladungHV2019","EinladungHV2019","","false","unavailable","10","0","representative migration or grouped route",""
"200","https://jungfrau-taechi.ch/newsfeed/schlitten19","https://jungfrau-taechi.ch/newsfeed/schlitten19","news","news","Schlitten19","Schlitten19","","false","unavailable","10","0","representative migration or grouped route",""
"200","https://jungfrau-taechi.ch/newsfeed/holzerbar19","https://jungfrau-taechi.ch/newsfeed/holzerbar19","news","news","Holzerbar19","Holzerbar19","","false","unavailable","10","0","representative migration or grouped route",""
"200","https://jungfrau-taechi.ch/newsfeed/hbc19h","https://jungfrau-taechi.ch/newsfeed/hbc19h","news","news","HBC19h","HBC19h","","false","unavailable","32","0","representative migration or grouped route",""
"200","https://jungfrau-taechi.ch/newsfeed/gf8","https://jungfrau-taechi.ch/newsfeed/gf8","news","news","GF8","GF8","","false","unavailable","37","0","representative migration or grouped route",""
"200","https://jungfrau-taechi.ch/newsfeed/sc19a","https://jungfrau-taechi.ch/newsfeed/sc19a","news","news","SC19a","SC19a","","false","unavailable","9","0","representative migration or grouped route",""
"200","https://jungfrau-taechi.ch/newsfeed/19-02a","https://jungfrau-taechi.ch/newsfeed/19-02a","news","news","X-Alps News Nr.1 (16. Juni 2019)","X-Alps News Nr.1 (16. Juni 2019)","","false","unavailable","9","0","representative migration or grouped route",""
"200","https://jungfrau-taechi.ch/newsfeed/maskenteddy4","https://jungfrau-taechi.ch/newsfeed/maskenteddy4","news","news","Delta-Club Jungfrau-Tächi Grindelwald","Delta-Club Jungfrau-Tächi Grindelwald","","false","unavailable","9","0","representative migration or grouped route",""
"200","https://jungfrau-taechi.ch/newsfeed/19-02","https://jungfrau-taechi.ch/newsfeed/19-02","news","news","X-Alps News Nr. 2 (18. Juni 2019)","X-Alps News Nr. 2 (18. Juni 2019)","","false","unavailable","9","0","representative migration or grouped route",""
"200","https://jungfrau-taechi.ch/newsfeed/19-03","https://jungfrau-taechi.ch/newsfeed/19-03","news","news","X-Alps News Nr.3 (18. Juni 2019) Das Wesentliche","X-Alps News Nr.3 (18. Juni 2019) Das Wesentliche","","false","unavailable","9","0","representative migration or grouped route",""
"200","https://jungfrau-taechi.ch/newsfeed/hb2020","https://jungfrau-taechi.ch/newsfeed/hb2020","news","news","HB2020","HB2020","","false","unavailable","9","0","representative migration or grouped route",""
"200","https://jungfrau-taechi.ch/newsfeed/19-09","https://jungfrau-taechi.ch/newsfeed/19-09","news","news","X-Alps News Nr.9 (24. Juni 2019: Randnotiz","X-Alps News Nr.9 (24. Juni 2019: Randnotiz","","false","unavailable","9","0","representative migration or grouped route",""
"200","https://jungfrau-taechi.ch/newsfeed/19-10","https://jungfrau-taechi.ch/newsfeed/19-10","news","news","X-Alps News Nr. 10 (25. Juni 2019: Gratulation!","X-Alps News Nr. 10 (25. Juni 2019: Gratulation!","","false","unavailable","9","0","representative migration or grouped route",""
"200","https://jungfrau-taechi.ch/newsfeed/19-11","https://jungfrau-taechi.ch/newsfeed/19-11","news","news","X-Alps News Nr.11 (26. Juni 2019; Ogi und andere Frutigtaler)","X-Alps News Nr.11 (26. Juni 2019; Ogi und andere Frutigtaler)","","false","unavailable","9","0","representative migration or grouped route",""
"200","https://jungfrau-taechi.ch/newsfeed/19-12","https://jungfrau-taechi.ch/newsfeed/19-12","news","news","X-Alps News Nr,12 (27 Juni 2019: Lieber Chrigel)","X-Alps News Nr,12 (27 Juni 2019: Lieber Chrigel)","","false","unavailable","9","0","representative migration or grouped route",""
"200","https://jungfrau-taechi.ch/newsfeed/19-13","https://jungfrau-taechi.ch/newsfeed/19-13","news","news","X-Alps Nr. 13 (28. Juni 2019: Wärgistal)","X-Alps Nr. 13 (28. Juni 2019: Wärgistal)","","false","unavailable","9","0","representative migration or grouped route",""
"200","https://jungfrau-taechi.ch/newsfeed/21-10","https://jungfrau-taechi.ch/newsfeed/21-10","news","news","Delta-Club Jungfrau-Tächi Grindelwald","Delta-Club Jungfrau-Tächi Grindelwald","","false","unavailable","9","0","representative migration or grouped route",""
"200","https://jungfrau-taechi.ch/newsfeed/eigertour2019barflyer","https://jungfrau-taechi.ch/newsfeed/eigertour2019barflyer","news","news","Eigertour2019Barflyer","Eigertour2019Barflyer","","false","unavailable","10","0","representative migration or grouped route",""
"200","https://jungfrau-taechi.ch/newsfeed/et191","https://jungfrau-taechi.ch/newsfeed/et191","news","news","ET191","ET191","","false","unavailable","43","0","representative migration or grouped route",""
"200","https://jungfrau-taechi.ch/newsfeed/hoehenflug","https://jungfrau-taechi.ch/newsfeed/hoehenflug","news","news","Hoehenflug","Hoehenflug","","false","unavailable","32","0","representative migration or grouped route",""
"200","https://jungfrau-taechi.ch/newsfeed/herbstjagd19","https://jungfrau-taechi.ch/newsfeed/herbstjagd19","news","news","Herbstjagd19","Herbstjagd19","","false","unavailable","9","0","representative migration or grouped route",""
"200","https://jungfrau-taechi.ch/newsfeed/acf19breitbild","https://jungfrau-taechi.ch/newsfeed/acf19breitbild","news","news","ACF19Breitbild","ACF19Breitbild","","false","unavailable","101","0","representative migration or grouped route",""
"200","https://jungfrau-taechi.ch/newsfeed/image003","https://jungfrau-taechi.ch/newsfeed/image003","news","news","Fliegerschiessen Axalp – 7.-10.10.2019","Fliegerschiessen Axalp – 7.-10.10.2019","","false","unavailable","9","0","representative migration or grouped route",""
"200","https://jungfrau-taechi.ch/newsfeed/21-07","https://jungfrau-taechi.ch/newsfeed/21-07","news","news","Delta-Club Jungfrau-Tächi Grindelwald","Delta-Club Jungfrau-Tächi Grindelwald","","false","unavailable","9","0","representative migration or grouped route",""
"200","https://jungfrau-taechi.ch/newsfeed/aca1910","https://jungfrau-taechi.ch/newsfeed/aca1910","news","news","ACA1910","ACA1910","","false","unavailable","27","0","representative migration or grouped route",""
"200","https://jungfrau-taechi.ch/newsfeed/regikaufmann","https://jungfrau-taechi.ch/newsfeed/regikaufmann","news","news","RegiKaufmann","RegiKaufmann","","false","unavailable","9","0","representative migration or grouped route",""
"200","https://jungfrau-taechi.ch/newsfeed/aace1922","https://jungfrau-taechi.ch/newsfeed/aace1922","news","news","AACE1922","AACE1922","","false","unavailable","18","0","representative migration or grouped route",""
"200","https://jungfrau-taechi.ch/newsfeed/sportdamen","https://jungfrau-taechi.ch/newsfeed/sportdamen","news","news","SportDamen","SportDamen","","false","unavailable","9","0","representative migration or grouped route",""
"200","https://jungfrau-taechi.ch/newsfeed/guide","https://jungfrau-taechi.ch/newsfeed/guide","news","news","Guide","Guide","","false","unavailable","9","0","representative migration or grouped route",""
"200","https://jungfrau-taechi.ch/newsfeed/einladunghv20","https://jungfrau-taechi.ch/newsfeed/einladunghv20","news","news","Einladunghv20","Einladunghv20","","false","unavailable","10","0","representative migration or grouped route",""
"200","https://jungfrau-taechi.ch/newsfeed/hv20titelbild","https://jungfrau-taechi.ch/newsfeed/hv20titelbild","news","news","HV20Titelbild","HV20Titelbild","","false","unavailable","52","0","representative migration or grouped route",""
"200","https://jungfrau-taechi.ch/newsfeed/weidenkatzen","https://jungfrau-taechi.ch/newsfeed/weidenkatzen","news","news","Weidenkatzen","Weidenkatzen","","false","unavailable","9","0","representative migration or grouped route",""
"200","https://jungfrau-taechi.ch/newsfeed/club2020fliegen0","https://jungfrau-taechi.ch/newsfeed/club2020fliegen0","news","news","Delta-Club Jungfrau-Tächi Grindelwald","Delta-Club Jungfrau-Tächi Grindelwald","","false","unavailable","26","0","representative migration or grouped route",""
"200","https://jungfrau-taechi.ch/newsfeed/maskenteddy","https://jungfrau-taechi.ch/newsfeed/maskenteddy","news","news","Delta-Club Jungfrau-Tächi Grindelwald","Delta-Club Jungfrau-Tächi Grindelwald","","false","unavailable","9","0","representative migration or grouped route",""
"200","https://jungfrau-taechi.ch/newsfeed/supportdcjt","https://jungfrau-taechi.ch/newsfeed/supportdcjt","news","news","Delta-Club Jungfrau-Tächi Grindelwald","Delta-Club Jungfrau-Tächi Grindelwald","","false","unavailable","9","0","representative migration or grouped route",""
"200","https://jungfrau-taechi.ch/newsfeed/maskenteddy1","https://jungfrau-taechi.ch/newsfeed/maskenteddy1","news","news","Delta-Club Jungfrau-Tächi Grindelwald","Delta-Club Jungfrau-Tächi Grindelwald","","false","unavailable","9","0","representative migration or grouped route",""
"200","https://jungfrau-taechi.ch/newsfeed/swisscupgrindelwald","https://jungfrau-taechi.ch/newsfeed/swisscupgrindelwald","news","news","Delta-Club Jungfrau-Tächi Grindelwald","Delta-Club Jungfrau-Tächi Grindelwald","","false","unavailable","10","0","representative migration or grouped route",""
"200","https://jungfrau-taechi.ch/newsfeed/germanopen1","https://jungfrau-taechi.ch/newsfeed/germanopen1","news","news","Delta-Club Jungfrau-Tächi Grindelwald","Delta-Club Jungfrau-Tächi Grindelwald","","false","unavailable","18","0","representative migration or grouped route",""
"200","https://jungfrau-taechi.ch/newsfeed/podestopen1","https://jungfrau-taechi.ch/newsfeed/podestopen1","news","news","Delta-Club Jungfrau-Tächi Grindelwald","Delta-Club Jungfrau-Tächi Grindelwald","","false","unavailable","12","0","representative migration or grouped route",""
"200","https://jungfrau-taechi.ch/newsfeed/absageswisscup","https://jungfrau-taechi.ch/newsfeed/absageswisscup","news","news","Delta-Club Jungfrau-Tächi Grindelwald","Delta-Club Jungfrau-Tächi Grindelwald","","false","unavailable","9","0","representative migration or grouped route",""
"200","https://jungfrau-taechi.ch/newsfeed/protokoll44","https://jungfrau-taechi.ch/newsfeed/protokoll44","news","news","Delta-Club Jungfrau-Tächi Grindelwald","Delta-Club Jungfrau-Tächi Grindelwald","","false","unavailable","13","0","representative migration or grouped route",""
"200","https://jungfrau-taechi.ch/newsfeed/21-02","https://jungfrau-taechi.ch/newsfeed/21-02","news","news","Delta-Club Jungfrau-Tächi Grindelwald","Delta-Club Jungfrau-Tächi Grindelwald","","false","unavailable","9","0","representative migration or grouped route",""
"200","https://jungfrau-taechi.ch/newsfeed/21-04","https://jungfrau-taechi.ch/newsfeed/21-04","news","news","Delta-Club Jungfrau-Tächi Grindelwald","Delta-Club Jungfrau-Tächi Grindelwald","","false","unavailable","9","0","representative migration or grouped route",""
"200","https://jungfrau-taechi.ch/newsfeed/21-06","https://jungfrau-taechi.ch/newsfeed/21-06","news","news","Delta-Club Jungfrau-Tächi Grindelwald","Delta-Club Jungfrau-Tächi Grindelwald","","false","unavailable","9","0","representative migration or grouped route",""
"200","https://jungfrau-taechi.ch/newsfeed/21-05","https://jungfrau-taechi.ch/newsfeed/21-05","news","news","Delta-Club Jungfrau-Tächi Grindelwald","Delta-Club Jungfrau-Tächi Grindelwald","","false","unavailable","9","0","representative migration or grouped route",""
"200","https://jungfrau-taechi.ch/sites/kontakt","https://jungfrau-taechi.ch/sites/kontakt","contact","contact","Jungfrau-Tächi Grindelwald","Jungfrau-Tächi Grindelwald","","false","unavailable","8","0","representative migration or grouped route",""
"200","https://jungfrau-taechi.ch/sites/vorstand","https://jungfrau-taechi.ch/sites/vorstand","club","club","Jungfrau-Tächi Grindelwald","Jungfrau-Tächi Grindelwald","","false","unavailable","8","0","inventory retained; migrate when current utility/archive route is prioritised",""
"200","https://jungfrau-taechi.ch/newsfeed/50challenge","https://jungfrau-taechi.ch/newsfeed/50challenge","news","news","Delta-Club Jungfrau-Tächi Grindelwald","Delta-Club Jungfrau-Tächi Grindelwald","","false","unavailable","10","0","representative migration or grouped route",""
"200","https://jungfrau-taechi.ch/newsfeed/challenge50","https://jungfrau-taechi.ch/newsfeed/challenge50","news","news","Delta-Club Jungfrau-Tächi Grindelwald","Delta-Club Jungfrau-Tächi Grindelwald","","false","unavailable","9","0","representative migration or grouped route",""
"200","https://jungfrau-taechi.ch/newsfeed/hf26_1_5","https://jungfrau-taechi.ch/newsfeed/hf26_1_5","news","news","Delta-Club Jungfrau-Tächi Grindelwald","Delta-Club Jungfrau-Tächi Grindelwald","","false","unavailable","20","0","representative migration or grouped route",""
"200","https://jungfrau-taechi.ch/newsfeed/eigertour9","https://jungfrau-taechi.ch/newsfeed/eigertour9","news","news","Delta-Club Jungfrau-Tächi Grindelwald","Delta-Club Jungfrau-Tächi Grindelwald","","false","unavailable","10","0","representative migration or grouped route",""
"200","https://jungfrau-taechi.ch/newsfeed/fa2_26","https://jungfrau-taechi.ch/newsfeed/fa2_26","news","news","Delta-Club Jungfrau-Tächi Grindelwald","Delta-Club Jungfrau-Tächi Grindelwald","","false","unavailable","21","0","representative migration or grouped route",""
"200","https://jungfrau-taechi.ch/newsfeed/xalps25","https://jungfrau-taechi.ch/newsfeed/xalps25","news","news","Delta-Club Jungfrau-Tächi Grindelwald","Delta-Club Jungfrau-Tächi Grindelwald","","false","unavailable","13","0","representative migration or grouped route",""
"200","https://jungfrau-taechi.ch/newsfeed/eigertour9a","https://jungfrau-taechi.ch/newsfeed/eigertour9a","news","news","Delta-Club Jungfrau-Tächi Grindelwald","Delta-Club Jungfrau-Tächi Grindelwald","","false","unavailable","9","0","representative migration or grouped route",""
"200","https://jungfrau-taechi.ch/newsfeed/hf2_2025","https://jungfrau-taechi.ch/newsfeed/hf2_2025","news","news","Delta-Club Jungfrau-Tächi Grindelwald","Delta-Club Jungfrau-Tächi Grindelwald","","false","unavailable","29","0","representative migration or grouped route",""
"200","https://jungfrau-taechi.ch/newsfeed/eigertour25_p","https://jungfrau-taechi.ch/newsfeed/eigertour25_p","news","news","Delta-Club Jungfrau-Tächi Grindelwald","Delta-Club Jungfrau-Tächi Grindelwald","","false","unavailable","10","0","representative migration or grouped route",""
"200","https://jungfrau-taechi.ch/newsfeed/et25_1","https://jungfrau-taechi.ch/newsfeed/et25_1","news","news","Delta-Club Jungfrau-Tächi Grindelwald","Delta-Club Jungfrau-Tächi Grindelwald","","false","unavailable","10","0","representative migration or grouped route",""
"200","https://jungfrau-taechi.ch/sites/mitglied-1","https://jungfrau-taechi.ch/sites/mitglied-1","membership","membership","Jungfrau-Tächi Grindelwald","Jungfrau-Tächi Grindelwald","","false","unavailable","8","0","representative migration or grouped route",""
"200","https://jungfrau-taechi.ch/sites/mitglied","https://jungfrau-taechi.ch/sites/mitglied","membership","membership","Jungfrau-Tächi Grindelwald","Jungfrau-Tächi Grindelwald","","false","unavailable","8","0","representative migration or grouped route",""
"200","https://jungfrau-taechi.ch/newsfeed/et25_2","https://jungfrau-taechi.ch/newsfeed/et25_2","news","news","Delta-Club Jungfrau-Tächi Grindelwald","Delta-Club Jungfrau-Tächi Grindelwald","","false","unavailable","10","0","representative migration or grouped route",""
"200","https://jungfrau-taechi.ch/newsfeed/et25_3","https://jungfrau-taechi.ch/newsfeed/et25_3","news","news","Delta-Club Jungfrau-Tächi Grindelwald","Delta-Club Jungfrau-Tächi Grindelwald","","false","unavailable","9","0","representative migration or grouped route",""
"200","https://jungfrau-taechi.ch/newsfeed/et25_4","https://jungfrau-taechi.ch/newsfeed/et25_4","news","news","Delta-Club Jungfrau-Tächi Grindelwald","Delta-Club Jungfrau-Tächi Grindelwald","","false","unavailable","9","0","representative migration or grouped route",""
"200","https://jungfrau-taechi.ch/newsfeed/hf3","https://jungfrau-taechi.ch/newsfeed/hf3","news","news","Delta-Club Jungfrau-Tächi Grindelwald","Delta-Club Jungfrau-Tächi Grindelwald","","false","unavailable","14","0","representative migration or grouped route",""
"200","https://jungfrau-taechi.ch/newsfeed/herbstjagd2025","https://jungfrau-taechi.ch/newsfeed/herbstjagd2025","news","news","Delta-Club Jungfrau-Tächi Grindelwald","Delta-Club Jungfrau-Tächi Grindelwald","","false","unavailable","9","0","representative migration or grouped route",""
"200","https://jungfrau-taechi.ch/newsfeed/b25","https://jungfrau-taechi.ch/newsfeed/b25","news","news","Delta-Club Jungfrau-Tächi Grindelwald","Delta-Club Jungfrau-Tächi Grindelwald","","false","unavailable","24","0","representative migration or grouped route",""
"200","https://jungfrau-taechi.ch/newsfeed/clubfliegen2025_pre","https://jungfrau-taechi.ch/newsfeed/clubfliegen2025_pre","news","news","Delta-Club Jungfrau-Tächi Grindelwald","Delta-Club Jungfrau-Tächi Grindelwald","","false","unavailable","9","0","representative migration or grouped route",""
"200","https://jungfrau-taechi.ch/newsfeed/clubfliegen2025","https://jungfrau-taechi.ch/newsfeed/clubfliegen2025","news","news","Delta-Club Jungfrau-Tächi Grindelwald","Delta-Club Jungfrau-Tächi Grindelwald","","false","unavailable","16","0","representative migration or grouped route",""
"200","https://jungfrau-taechi.ch/newsfeed/clubessen25","https://jungfrau-taechi.ch/newsfeed/clubessen25","news","news","Delta-Club Jungfrau-Tächi Grindelwald","Delta-Club Jungfrau-Tächi Grindelwald","","false","unavailable","9","0","representative migration or grouped route",""
"200","https://jungfrau-taechi.ch/sites/jahresprogramm","https://jungfrau-taechi.ch/sites/jahresprogramm","archive-or-utility","archive-or-utility","Jungfrau-Tächi Grindelwald","Jungfrau-Tächi Grindelwald","","false","unavailable","8","0","inventory retained; migrate when current utility/archive route is prioritised",""
"200","https://jungfrau-taechi.ch/newsfeed/vernissage","https://jungfrau-taechi.ch/newsfeed/vernissage","news","news","Delta-Club Jungfrau-Tächi Grindelwald","Delta-Club Jungfrau-Tächi Grindelwald","","false","unavailable","11","0","representative migration or grouped route",""
"200","https://jungfrau-taechi.ch/newsfeed/tyro","https://jungfrau-taechi.ch/newsfeed/tyro","news","news","Delta-Club Jungfrau-Tächi Grindelwald","Delta-Club Jungfrau-Tächi Grindelwald","","false","unavailable","10","0","representative migration or grouped route",""
"200","https://jungfrau-taechi.ch/newsfeed/hv26","https://jungfrau-taechi.ch/newsfeed/hv26","news","news","Delta-Club Jungfrau-Tächi Grindelwald","Delta-Club Jungfrau-Tächi Grindelwald","","false","unavailable","15","0","representative migration or grouped route",""
"200","https://jungfrau-taechi.ch/sites/portrait","https://jungfrau-taechi.ch/sites/portrait","club-history","club-history","Jungfrau-Tächi Grindelwald","Jungfrau-Tächi Grindelwald","","false","unavailable","8","0","representative migration or grouped route",""
"200","https://jungfrau-taechi.ch/sites/gleitschirmstadion","https://jungfrau-taechi.ch/sites/gleitschirmstadion","archive-or-utility","archive-or-utility","Jungfrau-Tächi Grindelwald","Jungfrau-Tächi Grindelwald","","false","unavailable","8","0","inventory retained; migrate when current utility/archive route is prioritised",""
"200","https://jungfrau-taechi.ch/sites/chronik","https://jungfrau-taechi.ch/sites/chronik","club-history","club-history","Jungfrau-Tächi Grindelwald","Jungfrau-Tächi Grindelwald","","false","unavailable","8","0","representative migration or grouped route",""
"200","https://jungfrau-taechi.ch/sites/goenner","https://jungfrau-taechi.ch/sites/goenner","membership","membership","Jungfrau-Tächi Grindelwald","Jungfrau-Tächi Grindelwald","","false","unavailable","8","0","representative migration or grouped route",""
"200","https://jungfrau-taechi.ch/announcements","https://jungfrau-taechi.ch/announcements","archive-or-utility","archive-or-utility","BC News","BC News","","false","unavailable","7","0","inventory retained; migrate when current utility/archive route is prioritised",""
"200","https://jungfrau-taechi.ch/sites/statuten","https://jungfrau-taechi.ch/sites/statuten","club","club","Jungfrau-Tächi Grindelwald","Jungfrau-Tächi Grindelwald","","false","unavailable","8","0","inventory retained; migrate when current utility/archive route is prioritised",""
"200","https://jungfrau-taechi.ch/sites/matratzenboom","https://jungfrau-taechi.ch/sites/matratzenboom","archive-or-utility","archive-or-utility","Jungfrau-Tächi Grindelwald","Jungfrau-Tächi Grindelwald","","false","unavailable","8","0","inventory retained; migrate when current utility/archive route is prioritised",""
"200","https://jungfrau-taechi.ch/sites/racetogoal","https://jungfrau-taechi.ch/sites/racetogoal","competition","competition","Jungfrau-Tächi Grindelwald","Jungfrau-Tächi Grindelwald","","false","unavailable","8","0","inventory retained; migrate when current utility/archive route is prioritised",""
"200","https://jungfrau-taechi.ch/sites/dcjt360_bootstrap-2","https://jungfrau-taechi.ch/sites/dcjt360_bootstrap-2","archive-or-utility","archive-or-utility","Fluggebiet Jungfrauregion | Virtual tour generated by Panotour","","","false","unavailable","15","1","inventory retained; migrate when current utility/archive route is prioritised",""
"200","https://jungfrau-taechi.ch/sites/hv15","https://jungfrau-taechi.ch/sites/hv15","archive-or-utility","archive-or-utility","Jungfrau-Tächi Grindelwald","Jungfrau-Tächi Grindelwald","","false","unavailable","8","0","inventory retained; migrate when current utility/archive route is prioritised",""
"200","https://jungfrau-taechi.ch/newsfeed","https://jungfrau-taechi.ch/newsfeed","news","news","Newsfeed Jungfrau-Tächi","Newsfeed Jungfrau-Tächi","","false","unavailable","18","0","representative migration or grouped route",""
"200","https://jungfrau-taechi.ch/sites/air_west","https://jungfrau-taechi.ch/sites/air_west","flight-area","flight-area","Jungfrau-Tächi Grindelwald","Jungfrau-Tächi Grindelwald","","false","unavailable","1","1","representative migration or grouped route",""
"200","https://jungfrau-taechi.ch/sites/jahresprogramm10","https://jungfrau-taechi.ch/sites/jahresprogramm10","archive-or-utility","archive-or-utility","Jungfrau-Tächi Grindelwald","Jungfrau-Tächi Grindelwald","","false","unavailable","8","0","inventory retained; migrate when current utility/archive route is prioritised",""
"200","https://jungfrau-taechi.ch/newsfeed/vortragsui3witschi","https://jungfrau-taechi.ch/newsfeed/vortragsui3witschi","news","news","Vortrag X-Alps Team SUI3","Vortrag X-Alps Team SUI3","","false","unavailable","10","0","representative migration or grouped route",""
"200","https://jungfrau-taechi.ch/sites/meteo_meteoblue","https://jungfrau-taechi.ch/sites/meteo_meteoblue","weather-webcams","weather-webcams","Jungfrau-Tächi Grindelwald","Meteo","","false","unavailable","0","1","inventory retained; migrate when current utility/archive route is prioritised",""
"200","https://jungfrau-taechi.ch/sites/dcjt360_bootstrap","https://jungfrau-taechi.ch/sites/dcjt360_bootstrap","archive-or-utility","archive-or-utility","Fluggebiet Jungfrauregion | Virtual tour generated by pascalimhof.com","","","false","unavailable","16","1","inventory retained; migrate when current utility/archive route is prioritised",""
"200","https://jungfrau-taechi.ch/sites/hx_meiringen","https://jungfrau-taechi.ch/sites/hx_meiringen","archive-or-utility","archive-or-utility","Jungfrau-Tächi Grindelwald","Jungfrau-Tächi Grindelwald","","false","unavailable","9","0","inventory retained; migrate when current utility/archive route is prioritised",""
"200","https://jungfrau-taechi.ch/sites/meteo","https://jungfrau-taechi.ch/sites/meteo","weather-webcams","weather-webcams","Jungfrau-Tächi Grindelwald","Jungfrau-Tächi Grindelwald","","false","unavailable","8","1","inventory retained; migrate when current utility/archive route is prioritised",""
"200","https://jungfrau-taechi.ch/sites/flug_flyland","https://jungfrau-taechi.ch/sites/flug_flyland","flight-area","flight-area","Jungfrau-Tächi Grindelwald","Jungfrau-Tächi Grindelwald","","false","unavailable","1","1","representative migration or grouped route",""
"200","https://jungfrau-taechi.ch/sites/webcam_maennlichen","https://jungfrau-taechi.ch/sites/webcam_maennlichen","weather-webcams","weather-webcams","Jungfrau-Tächi Grindelwald","Webcam Männlichen","","false","unavailable","0","1","inventory retained; migrate when current utility/archive route is prioritised",""
"200","https://jungfrau-taechi.ch/sites/webcam_lauberhorn","https://jungfrau-taechi.ch/sites/webcam_lauberhorn","weather-webcams","weather-webcams","Delta-Club Jungfrau-Tächi Grindelwald","Webcam Lauberhorn, Kleine Scheidegg","","false","unavailable","0","1","inventory retained; migrate when current utility/archive route is prioritised",""
"200","https://jungfrau-taechi.ch/sites/wettkampf_links","https://jungfrau-taechi.ch/sites/wettkampf_links","competition","competition","Jungfrau-Tächi Grindelwald","Jungfrau-Tächi Grindelwald","","false","unavailable","9","0","inventory retained; migrate when current utility/archive route is prioritised",""
"200","https://jungfrau-taechi.ch/sites/xalps_vorschau","https://jungfrau-taechi.ch/sites/xalps_vorschau","competition","competition","Delta-Club Jungfrau-Tächi Grindelwald","Delta-Club Jungfrau-Tächi Grindelwald","","false","unavailable","8","0","inventory retained; migrate when current utility/archive route is prioritised",""
"200","https://jungfrau-taechi.ch/newsfeed/nr6","https://jungfrau-taechi.ch/newsfeed/nr6","news","news","X-Alps News Nr. 4 (5.Juli 2015): Optionenhandel","X-Alps News Nr. 4 (5.Juli 2015): Optionenhandel","","false","unavailable","9","0","representative migration or grouped route",""
"200","https://jungfrau-taechi.ch/sites/news2009","https://jungfrau-taechi.ch/sites/news2009","news","news","Jungfrau-Tächi Grindelwald","Jungfrau-Tächi Grindelwald","","false","unavailable","8","0","representative migration or grouped route",""
"200","https://jungfrau-taechi.ch/sites/interlaken","https://jungfrau-taechi.ch/sites/interlaken","archive-or-utility","archive-or-utility","Jungfrau-Tächi Grindelwald","Jungfrau-Tächi Grindelwald","","false","unavailable","10","0","inventory retained; migrate when current utility/archive route is prioritised",""
"200","https://jungfrau-taechi.ch/sites/webcam_starttimelapse","https://jungfrau-taechi.ch/sites/webcam_starttimelapse","weather-webcams","weather-webcams","Jungfrau-Tächi Grindelwald","Jungfrau-Tächi Grindelwald","","false","unavailable","7","1","inventory retained; migrate when current utility/archive route is prioritised",""
"200","https://jungfrau-taechi.ch/sites/news2007","https://jungfrau-taechi.ch/sites/news2007","news","news","Jungfrau-Tächi Grindelwald","Jungfrau-Tächi Grindelwald","","false","unavailable","8","0","representative migration or grouped route",""
"200","https://jungfrau-taechi.ch/sites/news2010","https://jungfrau-taechi.ch/sites/news2010","news","news","Jungfrau-Tächi Grindelwald","Jungfrau-Tächi Grindelwald","","false","unavailable","8","0","representative migration or grouped route",""
"200","https://jungfrau-taechi.ch/sites/news2005","https://jungfrau-taechi.ch/sites/news2005","news","news","Jungfrau-Tächi Grindelwald","Newsarchiv 2005 FOLGT","","false","unavailable","7","0","representative migration or grouped route",""
"200","https://jungfrau-taechi.ch/sites/news2006","https://jungfrau-taechi.ch/sites/news2006","news","news","Jungfrau-Tächi Grindelwald","Jungfrau-Tächi Grindelwald","","false","unavailable","8","0","representative migration or grouped route",""
"200","https://jungfrau-taechi.ch/sites/news2008","https://jungfrau-taechi.ch/sites/news2008","news","news","Jungfrau-Tächi Grindelwald","Jungfrau-Tächi Grindelwald","","false","unavailable","8","0","representative migration or grouped route",""
"200","https://jungfrau-taechi.ch/sites/news2012","https://jungfrau-taechi.ch/sites/news2012","news","news","Jungfrau-Tächi Grindelwald","Jungfrau-Tächi Grindelwald","","false","unavailable","27","0","representative migration or grouped route",""
"200","https://jungfrau-taechi.ch/sites/news2013","https://jungfrau-taechi.ch/sites/news2013","news","news","Jungfrau-Tächi Grindelwald","Jungfrau-Tächi Grindelwald","","false","unavailable","20","0","representative migration or grouped route",""
"200","https://jungfrau-taechi.ch/sites/bodmi","https://jungfrau-taechi.ch/sites/bodmi","flight-area","flight-area","Jungfrau-Tächi Grindelwald","Jungfrau-Tächi Grindelwald","","false","unavailable","1","1","representative migration or grouped route",""
"200","https://jungfrau-taechi.ch/sites/lauterbrunnen","https://jungfrau-taechi.ch/sites/lauterbrunnen","archive-or-utility","archive-or-utility","Jungfrau-Tächi Grindelwald","Jungfrau-Tächi Grindelwald","","false","unavailable","1","1","inventory retained; migrate when current utility/archive route is prioritised",""
"200","https://jungfrau-taechi.ch/sites/dcjt360_bootstrap-1","https://jungfrau-taechi.ch/sites/dcjt360_bootstrap-1","archive-or-utility","archive-or-utility","Fluggebiet Jungfrauregion | Virtual tour generated by Panotour","","","false","unavailable","8","1","inventory retained; migrate when current utility/archive route is prioritised",""
"200","https://jungfrau-taechi.ch/sites/news2015","https://jungfrau-taechi.ch/sites/news2015","news","news","Jungfrau-Tächi Grindelwald","Jungfrau-Tächi Grindelwald","","false","unavailable","108","0","representative migration or grouped route",""
"200","https://jungfrau-taechi.ch/newsfeed/nr8","https://jungfrau-taechi.ch/newsfeed/nr8","news","news","X-Alps News Nr. 8 (9.Juli 2015): Halbzeitbilanz und Badefreuden","X-Alps News Nr. 8 (9.Juli 2015): Halbzeitbilanz und Badefreuden","","false","unavailable","9","0","representative migration or grouped route",""
"200","https://jungfrau-taechi.ch/sites/waldspitz","https://jungfrau-taechi.ch/sites/waldspitz","archive-or-utility","archive-or-utility","Jungfrau-Tächi Grindelwald","Jungfrau-Tächi Grindelwald","","false","unavailable","1","1","inventory retained; migrate when current utility/archive route is prioritised",""
"200","https://jungfrau-taechi.ch/sites/maennlichen","https://jungfrau-taechi.ch/sites/maennlichen","archive-or-utility","archive-or-utility","Jungfrau-Tächi Grindelwald","Jungfrau-Tächi Grindelwald","","false","unavailable","1","1","inventory retained; migrate when current utility/archive route is prioritised",""
"200","https://jungfrau-taechi.ch/sites/stechelberg","https://jungfrau-taechi.ch/sites/stechelberg","archive-or-utility","archive-or-utility","Jungfrau-Tächi Grindelwald","Jungfrau-Tächi Grindelwald","","false","unavailable","1","1","inventory retained; migrate when current utility/archive route is prioritised",""
"200","https://jungfrau-taechi.ch/newsfeed/x-alps-vorbereitungen-der-tachis","https://jungfrau-taechi.ch/newsfeed/x-alps-vorbereitungen-der-tachis","news","news","X-Alps Vorbereitungen der Tächis","X-Alps Vorbereitungen der Tächis","","false","unavailable","9","0","representative migration or grouped route",""
"200","https://jungfrau-taechi.ch/newsfeed/hx-meiringen","https://jungfrau-taechi.ch/newsfeed/hx-meiringen","news","news","HX Meiringen","HX Meiringen","","false","unavailable","9","0","representative migration or grouped route",""
"200","https://jungfrau-taechi.ch/newsfeed/17-09","https://jungfrau-taechi.ch/newsfeed/17-09","news","news","Delta-Club Jungfrau-Tächi Grindelwald","Delta-Club Jungfrau-Tächi Grindelwald","","false","unavailable","9","0","representative migration or grouped route",""
"200","https://jungfrau-taechi.ch/newsfeed/21-08","https://jungfrau-taechi.ch/newsfeed/21-08","news","news","Delta-Club Jungfrau-Tächi Grindelwald","Delta-Club Jungfrau-Tächi Grindelwald","","false","unavailable","9","0","representative migration or grouped route",""
"200","https://jungfrau-taechi.ch/newsfeed/21-09","https://jungfrau-taechi.ch/newsfeed/21-09","news","news","Delta-Club Jungfrau-Tächi Grindelwald","Delta-Club Jungfrau-Tächi Grindelwald","","false","unavailable","9","0","representative migration or grouped route",""
"200","https://jungfrau-taechi.ch/newsfeed/21-14","https://jungfrau-taechi.ch/newsfeed/21-14","news","news","Delta-Club Jungfrau-Tächi Grindelwald","Delta-Club Jungfrau-Tächi Grindelwald","","false","unavailable","9","0","representative migration or grouped route",""
